Copyright 1986-2022 Xilinx, Inc. All Rights Reserved. Copyright 2022-2023 Advanced Micro Devices, Inc. All Rights Reserved.
------------------------------------------------------------------------------------------------------------------------------------------------------------------------------------------------------------------
| Tool Version : Vivado v.2023.2 (win64) Build 4029153 Fri Oct 13 20:14:34 MDT 2023
| Date         : Thu Oct  1 18:41:47 2026
| Host         : Kelvin running 64-bit major release  (build 9200)
| Command      : report_timing_summary -max_paths 10 -report_unconstrained -file shifter_timing_summary_routed.rpt -pb shifter_timing_summary_routed.pb -rpx shifter_timing_summary_routed.rpx -warn_on_violation
| Design       : shifter
| Device       : 7s50-csga324
| Speed File   : -1  PRODUCTION 1.23 2018-06-13
| Design State : Routed
------------------------------------------------------------------------------------------------------------------------------------------------------------------------------------------------------------------

Timing Summary Report

------------------------------------------------------------------------------------------------
| Timer Settings
| --------------
------------------------------------------------------------------------------------------------

  Enable Multi Corner Analysis               :  Yes
  Enable Pessimism Removal                   :  Yes
  Pessimism Removal Resolution               :  Nearest Common Node
  Enable Input Delay Default Clock           :  No
  Enable Preset / Clear Arcs                 :  No
  Disable Flight Delays                      :  No
  Ignore I/O Paths                           :  No
  Timing Early Launch at Borrowing Latches   :  No
  Borrow Time for Max Delay Exceptions       :  Yes
  Merge Timing Exceptions                    :  Yes
  Inter-SLR Compensation                     :  Conservative

  Corner  Analyze    Analyze    
  Name    Max Paths  Min Paths  
  ------  ---------  ---------  
  Slow    Yes        Yes        
  Fast    Yes        Yes        


------------------------------------------------------------------------------------------------
| Report Methodology
| ------------------
------------------------------------------------------------------------------------------------

Rule       Severity          Description                  Violations  
---------  ----------------  ---------------------------  ----------  
TIMING-17  Critical Warning  Non-clocked sequential cell  30          

Note: This report is based on the most recent report_methodology run and may not be up-to-date. Run report_methodology on the current design for the latest report.



check_timing report

Table of Contents
-----------------
1. checking no_clock (30)
2. checking constant_clock (0)
3. checking pulse_width_clock (0)
4. checking unconstrained_internal_endpoints (30)
5. checking no_input_delay (1)
6. checking no_output_delay (16)
7. checking multiple_clock (0)
8. checking generated_clocks (0)
9. checking loops (0)
10. checking partial_input_delay (0)
11. checking partial_output_delay (0)
12. checking latch_loops (0)

1. checking no_clock (30)
-------------------------
 There are 30 register/latch pins with no clock driven by root clock pin: clk_1HZ_reg/Q (HIGH)


2. checking constant_clock (0)
------------------------------
 There are 0 register/latch pins with constant_clock.


3. checking pulse_width_clock (0)
---------------------------------
 There are 0 register/latch pins which need pulse_width check


4. checking unconstrained_internal_endpoints (30)
-------------------------------------------------
 There are 30 pins that are not constrained for maximum delay. (HIGH)

 There are 0 pins that are not constrained for maximum delay due to constant clock.


5. checking no_input_delay (1)
------------------------------
 There is 1 input port with no input delay specified. (HIGH)

 There are 0 input ports with no input delay but user has a false path constraint.


6. checking no_output_delay (16)
--------------------------------
 There are 16 ports with no output delay specified. (HIGH)

 There are 0 ports with no output delay but user has a false path constraint

 There are 0 ports with no output delay but with a timing clock defined on it or propagating through it


7. checking multiple_clock (0)
------------------------------
 There are 0 register/latch pins with multiple clocks.


8. checking generated_clocks (0)
--------------------------------
 There are 0 generated clocks that are not connected to a clock source.


9. checking loops (0)
---------------------
 There are 0 combinational loops in the design.


10. checking partial_input_delay (0)
------------------------------------
 There are 0 input ports with partial input delay specified.


11. checking partial_output_delay (0)
-------------------------------------
 There are 0 ports with partial output delay specified.


12. checking latch_loops (0)
----------------------------
 There are 0 combinational latch loops in the design through latch input



------------------------------------------------------------------------------------------------
| Design Timing Summary
| ---------------------
------------------------------------------------------------------------------------------------

    WNS(ns)      TNS(ns)  TNS Failing Endpoints  TNS Total Endpoints      WHS(ns)      THS(ns)  THS Failing Endpoints  THS Total Endpoints     WPWS(ns)     TPWS(ns)  TPWS Failing Endpoints  TPWS Total Endpoints  
    -------      -------  ---------------------  -------------------      -------      -------  ---------------------  -------------------     --------     --------  ----------------------  --------------------  
      5.567        0.000                      0                   53        0.121        0.000                      0                   53        4.500        0.000                       0                    28  


All user specified timing constraints are met.


------------------------------------------------------------------------------------------------
| Clock Summary
| -------------
------------------------------------------------------------------------------------------------

Clock    Waveform(ns)       Period(ns)      Frequency(MHz)
-----    ------------       ----------      --------------
sys_clk  {0.000 5.000}      10.000          100.000         


------------------------------------------------------------------------------------------------
| Intra Clock Table
| -----------------
------------------------------------------------------------------------------------------------

Clock             WNS(ns)      TNS(ns)  TNS Failing Endpoints  TNS Total Endpoints      WHS(ns)      THS(ns)  THS Failing Endpoints  THS Total Endpoints     WPWS(ns)     TPWS(ns)  TPWS Failing Endpoints  TPWS Total Endpoints  
-----             -------      -------  ---------------------  -------------------      -------      -------  ---------------------  -------------------     --------     --------  ----------------------  --------------------  
sys_clk             5.567        0.000                      0                   53        0.121        0.000                      0                   53        4.500        0.000                       0                    28  


------------------------------------------------------------------------------------------------
| Inter Clock Table
| -----------------
------------------------------------------------------------------------------------------------

From Clock    To Clock          WNS(ns)      TNS(ns)  TNS Failing Endpoints  TNS Total Endpoints      WHS(ns)      THS(ns)  THS Failing Endpoints  THS Total Endpoints  
----------    --------          -------      -------  ---------------------  -------------------      -------      -------  ---------------------  -------------------  


------------------------------------------------------------------------------------------------
| Other Path Groups Table
| -----------------------
------------------------------------------------------------------------------------------------

Path Group    From Clock    To Clock          WNS(ns)      TNS(ns)  TNS Failing Endpoints  TNS Total Endpoints      WHS(ns)      THS(ns)  THS Failing Endpoints  THS Total Endpoints  
----------    ----------    --------          -------      -------  ---------------------  -------------------      -------      -------  ---------------------  -------------------  


------------------------------------------------------------------------------------------------
| User Ignored Path Table
| -----------------------
------------------------------------------------------------------------------------------------

Path Group    From Clock    To Clock    
----------    ----------    --------    


------------------------------------------------------------------------------------------------
| Unconstrained Path Table
| ------------------------
------------------------------------------------------------------------------------------------

Path Group    From Clock    To Clock    
----------    ----------    --------    
(none)                                    


------------------------------------------------------------------------------------------------
| Timing Details
| --------------
------------------------------------------------------------------------------------------------


---------------------------------------------------------------------------------------------------
From Clock:  sys_clk
  To Clock:  sys_clk

Setup :            0  Failing Endpoints,  Worst Slack        5.567ns,  Total Violation        0.000ns
Hold  :            0  Failing Endpoints,  Worst Slack        0.121ns,  Total Violation        0.000ns
PW    :            0  Failing Endpoints,  Worst Slack        4.500ns,  Total Violation        0.000ns
---------------------------------------------------------------------------------------------------


Max Delay Paths
--------------------------------------------------------------------------------------
Slack (MET) :             5.567ns  (required time - arrival time)
  Source:                 counter_for_clk_1HZ_reg[24]/C
                            (rising edge-triggered cell FDRE clocked by sys_clk  {rise@0.000ns fall@5.000ns period=10.000ns})
  Destination:            counter_for_clk_1HZ_reg[25]/R
                            (rising edge-triggered cell FDRE clocked by sys_clk  {rise@0.000ns fall@5.000ns period=10.000ns})
  Path Group:             sys_clk
  Path Type:              Setup (Max at Slow Process Corner)
  Requirement:            10.000ns  (sys_clk rise@10.000ns - sys_clk rise@0.000ns)
  Data Path Delay:        3.944ns  (logic 0.704ns (17.850%)  route 3.240ns (82.150%))
  Logic Levels:           2  (LUT6=2)
  Clock Path Skew:        -0.025ns (DCD - SCD + CPR)
    Destination Clock Delay (DCD):    4.780ns = ( 14.780 - 10.000 ) 
    Source Clock Delay      (SCD):    5.078ns
    Clock Pessimism Removal (CPR):    0.273ns
  Clock Uncertainty:      0.035ns  ((TSJ^2 + TIJ^2)^1/2 + DJ) / 2 + PE
    Total System Jitter     (TSJ):    0.071ns
    Total Input Jitter      (TIJ):    0.000ns
    Discrete Jitter          (DJ):    0.000ns
    Phase Error              (PE):    0.000ns

    Location             Delay type                Incr(ns)  Path(ns)    Netlist Resource(s)
  -------------------------------------------------------------------    -------------------
                         (clock sys_clk rise edge)    0.000     0.000 r  
    F14                                               0.000     0.000 r  clk (IN)
                         net (fo=0)                   0.000     0.000    clk
    F14                  IBUF (Prop_ibuf_I_O)         1.458     1.458 r  clk_IBUF_inst/O
                         net (fo=1, routed)           1.972     3.430    clk_IBUF
    BUFGCTRL_X0Y16       BUFG (Prop_bufg_I_O)         0.096     3.526 r  clk_IBUF_BUFG_inst/O
                         net (fo=27, routed)          1.552     5.078    clk_IBUF_BUFG
    SLICE_X36Y50         FDRE                                         r  counter_for_clk_1HZ_reg[24]/C
  -------------------------------------------------------------------    -------------------
    SLICE_X36Y50         FDRE (Prop_fdre_C_Q)         0.456     5.534 f  counter_for_clk_1HZ_reg[24]/Q
                         net (fo=2, routed)           1.097     6.631    counter_for_clk_1HZ[24]
    SLICE_X37Y50         LUT6 (Prop_lut6_I4_O)        0.124     6.755 r  counter_for_clk_1HZ[25]_i_4/O
                         net (fo=2, routed)           1.092     7.847    counter_for_clk_1HZ[25]_i_4_n_0
    SLICE_X37Y46         LUT6 (Prop_lut6_I1_O)        0.124     7.971 r  counter_for_clk_1HZ[25]_i_1/O
                         net (fo=26, routed)          1.051     9.022    clk_1HZ
    SLICE_X36Y51         FDRE                                         r  counter_for_clk_1HZ_reg[25]/R
  -------------------------------------------------------------------    -------------------

                         (clock sys_clk rise edge)   10.000    10.000 r  
    F14                                               0.000    10.000 r  clk (IN)
                         net (fo=0)                   0.000    10.000    clk
    F14                  IBUF (Prop_ibuf_I_O)         1.388    11.388 r  clk_IBUF_inst/O
                         net (fo=1, routed)           1.868    13.256    clk_IBUF
    BUFGCTRL_X0Y16       BUFG (Prop_bufg_I_O)         0.091    13.347 r  clk_IBUF_BUFG_inst/O
                         net (fo=27, routed)          1.433    14.780    clk_IBUF_BUFG
    SLICE_X36Y51         FDRE                                         r  counter_for_clk_1HZ_reg[25]/C
                         clock pessimism              0.273    15.053    
                         clock uncertainty           -0.035    15.018    
    SLICE_X36Y51         FDRE (Setup_fdre_C_R)       -0.429    14.589    counter_for_clk_1HZ_reg[25]
  -------------------------------------------------------------------
                         required time                         14.589    
                         arrival time                          -9.022    
  -------------------------------------------------------------------
                         slack                                  5.567    

Slack (MET) :             5.633ns  (required time - arrival time)
  Source:                 counter_for_clk_1HZ_reg[24]/C
                            (rising edge-triggered cell FDRE clocked by sys_clk  {rise@0.000ns fall@5.000ns period=10.000ns})
  Destination:            counter_for_clk_1HZ_reg[17]/R
                            (rising edge-triggered cell FDRE clocked by sys_clk  {rise@0.000ns fall@5.000ns period=10.000ns})
  Path Group:             sys_clk
  Path Type:              Setup (Max at Slow Process Corner)
  Requirement:            10.000ns  (sys_clk rise@10.000ns - sys_clk rise@0.000ns)
  Data Path Delay:        3.800ns  (logic 0.704ns (18.528%)  route 3.096ns (81.472%))
  Logic Levels:           2  (LUT6=2)
  Clock Path Skew:        -0.103ns (DCD - SCD + CPR)
    Destination Clock Delay (DCD):    4.796ns = ( 14.796 - 10.000 ) 
    Source Clock Delay      (SCD):    5.078ns
    Clock Pessimism Removal (CPR):    0.179ns
  Clock Uncertainty:      0.035ns  ((TSJ^2 + TIJ^2)^1/2 + DJ) / 2 + PE
    Total System Jitter     (TSJ):    0.071ns
    Total Input Jitter      (TIJ):    0.000ns
    Discrete Jitter          (DJ):    0.000ns
    Phase Error              (PE):    0.000ns

    Location             Delay type                Incr(ns)  Path(ns)    Netlist Resource(s)
  -------------------------------------------------------------------    -------------------
                         (clock sys_clk rise edge)    0.000     0.000 r  
    F14                                               0.000     0.000 r  clk (IN)
                         net (fo=0)                   0.000     0.000    clk
    F14                  IBUF (Prop_ibuf_I_O)         1.458     1.458 r  clk_IBUF_inst/O
                         net (fo=1, routed)           1.972     3.430    clk_IBUF
    BUFGCTRL_X0Y16       BUFG (Prop_bufg_I_O)         0.096     3.526 r  clk_IBUF_BUFG_inst/O
                         net (fo=27, routed)          1.552     5.078    clk_IBUF_BUFG
    SLICE_X36Y50         FDRE                                         r  counter_for_clk_1HZ_reg[24]/C
  -------------------------------------------------------------------    -------------------
    SLICE_X36Y50         FDRE (Prop_fdre_C_Q)         0.456     5.534 f  counter_for_clk_1HZ_reg[24]/Q
                         net (fo=2, routed)           1.097     6.631    counter_for_clk_1HZ[24]
    SLICE_X37Y50         LUT6 (Prop_lut6_I4_O)        0.124     6.755 r  counter_for_clk_1HZ[25]_i_4/O
                         net (fo=2, routed)           1.092     7.847    counter_for_clk_1HZ[25]_i_4_n_0
    SLICE_X37Y46         LUT6 (Prop_lut6_I1_O)        0.124     7.971 r  counter_for_clk_1HZ[25]_i_1/O
                         net (fo=26, routed)          0.907     8.878    clk_1HZ
    SLICE_X36Y49         FDRE                                         r  counter_for_clk_1HZ_reg[17]/R
  -------------------------------------------------------------------    -------------------

                         (clock sys_clk rise edge)   10.000    10.000 r  
    F14                                               0.000    10.000 r  clk (IN)
                         net (fo=0)                   0.000    10.000    clk
    F14                  IBUF (Prop_ibuf_I_O)         1.388    11.388 r  clk_IBUF_inst/O
                         net (fo=1, routed)           1.868    13.256    clk_IBUF
    BUFGCTRL_X0Y16       BUFG (Prop_bufg_I_O)         0.091    13.347 r  clk_IBUF_BUFG_inst/O
                         net (fo=27, routed)          1.449    14.796    clk_IBUF_BUFG
    SLICE_X36Y49         FDRE                                         r  counter_for_clk_1HZ_reg[17]/C
                         clock pessimism              0.179    14.975    
                         clock uncertainty           -0.035    14.940    
    SLICE_X36Y49         FDRE (Setup_fdre_C_R)       -0.429    14.511    counter_for_clk_1HZ_reg[17]
  -------------------------------------------------------------------
                         required time                         14.511    
                         arrival time                          -8.878    
  -------------------------------------------------------------------
                         slack                                  5.633    

Slack (MET) :             5.633ns  (required time - arrival time)
  Source:                 counter_for_clk_1HZ_reg[24]/C
                            (rising edge-triggered cell FDRE clocked by sys_clk  {rise@0.000ns fall@5.000ns period=10.000ns})
  Destination:            counter_for_clk_1HZ_reg[18]/R
                            (rising edge-triggered cell FDRE clocked by sys_clk  {rise@0.000ns fall@5.000ns period=10.000ns})
  Path Group:             sys_clk
  Path Type:              Setup (Max at Slow Process Corner)
  Requirement:            10.000ns  (sys_clk rise@10.000ns - sys_clk rise@0.000ns)
  Data Path Delay:        3.800ns  (logic 0.704ns (18.528%)  route 3.096ns (81.472%))
  Logic Levels:           2  (LUT6=2)
  Clock Path Skew:        -0.103ns (DCD - SCD + CPR)
    Destination Clock Delay (DCD):    4.796ns = ( 14.796 - 10.000 ) 
    Source Clock Delay      (SCD):    5.078ns
    Clock Pessimism Removal (CPR):    0.179ns
  Clock Uncertainty:      0.035ns  ((TSJ^2 + TIJ^2)^1/2 + DJ) / 2 + PE
    Total System Jitter     (TSJ):    0.071ns
    Total Input Jitter      (TIJ):    0.000ns
    Discrete Jitter          (DJ):    0.000ns
    Phase Error              (PE):    0.000ns

    Location             Delay type                Incr(ns)  Path(ns)    Netlist Resource(s)
  -------------------------------------------------------------------    -------------------
                         (clock sys_clk rise edge)    0.000     0.000 r  
    F14                                               0.000     0.000 r  clk (IN)
                         net (fo=0)                   0.000     0.000    clk
    F14                  IBUF (Prop_ibuf_I_O)         1.458     1.458 r  clk_IBUF_inst/O
                         net (fo=1, routed)           1.972     3.430    clk_IBUF
    BUFGCTRL_X0Y16       BUFG (Prop_bufg_I_O)         0.096     3.526 r  clk_IBUF_BUFG_inst/O
                         net (fo=27, routed)          1.552     5.078    clk_IBUF_BUFG
    SLICE_X36Y50         FDRE                                         r  counter_for_clk_1HZ_reg[24]/C
  -------------------------------------------------------------------    -------------------
    SLICE_X36Y50         FDRE (Prop_fdre_C_Q)         0.456     5.534 f  counter_for_clk_1HZ_reg[24]/Q
                         net (fo=2, routed)           1.097     6.631    counter_for_clk_1HZ[24]
    SLICE_X37Y50         LUT6 (Prop_lut6_I4_O)        0.124     6.755 r  counter_for_clk_1HZ[25]_i_4/O
                         net (fo=2, routed)           1.092     7.847    counter_for_clk_1HZ[25]_i_4_n_0
    SLICE_X37Y46         LUT6 (Prop_lut6_I1_O)        0.124     7.971 r  counter_for_clk_1HZ[25]_i_1/O
                         net (fo=26, routed)          0.907     8.878    clk_1HZ
    SLICE_X36Y49         FDRE                                         r  counter_for_clk_1HZ_reg[18]/R
  -------------------------------------------------------------------    -------------------

                         (clock sys_clk rise edge)   10.000    10.000 r  
    F14                                               0.000    10.000 r  clk (IN)
                         net (fo=0)                   0.000    10.000    clk
    F14                  IBUF (Prop_ibuf_I_O)         1.388    11.388 r  clk_IBUF_inst/O
                         net (fo=1, routed)           1.868    13.256    clk_IBUF
    BUFGCTRL_X0Y16       BUFG (Prop_bufg_I_O)         0.091    13.347 r  clk_IBUF_BUFG_inst/O
                         net (fo=27, routed)          1.449    14.796    clk_IBUF_BUFG
    SLICE_X36Y49         FDRE                                         r  counter_for_clk_1HZ_reg[18]/C
                         clock pessimism              0.179    14.975    
                         clock uncertainty           -0.035    14.940    
    SLICE_X36Y49         FDRE (Setup_fdre_C_R)       -0.429    14.511    counter_for_clk_1HZ_reg[18]
  -------------------------------------------------------------------
                         required time                         14.511    
                         arrival time                          -8.878    
  -------------------------------------------------------------------
                         slack                                  5.633    

Slack (MET) :             5.633ns  (required time - arrival time)
  Source:                 counter_for_clk_1HZ_reg[24]/C
                            (rising edge-triggered cell FDRE clocked by sys_clk  {rise@0.000ns fall@5.000ns period=10.000ns})
  Destination:            counter_for_clk_1HZ_reg[19]/R
                            (rising edge-triggered cell FDRE clocked by sys_clk  {rise@0.000ns fall@5.000ns period=10.000ns})
  Path Group:             sys_clk
  Path Type:              Setup (Max at Slow Process Corner)
  Requirement:            10.000ns  (sys_clk rise@10.000ns - sys_clk rise@0.000ns)
  Data Path Delay:        3.800ns  (logic 0.704ns (18.528%)  route 3.096ns (81.472%))
  Logic Levels:           2  (LUT6=2)
  Clock Path Skew:        -0.103ns (DCD - SCD + CPR)
    Destination Clock Delay (DCD):    4.796ns = ( 14.796 - 10.000 ) 
    Source Clock Delay      (SCD):    5.078ns
    Clock Pessimism Removal (CPR):    0.179ns
  Clock Uncertainty:      0.035ns  ((TSJ^2 + TIJ^2)^1/2 + DJ) / 2 + PE
    Total System Jitter     (TSJ):    0.071ns
    Total Input Jitter      (TIJ):    0.000ns
    Discrete Jitter          (DJ):    0.000ns
    Phase Error              (PE):    0.000ns

    Location             Delay type                Incr(ns)  Path(ns)    Netlist Resource(s)
  -------------------------------------------------------------------    -------------------
                         (clock sys_clk rise edge)    0.000     0.000 r  
    F14                                               0.000     0.000 r  clk (IN)
                         net (fo=0)                   0.000     0.000    clk
    F14                  IBUF (Prop_ibuf_I_O)         1.458     1.458 r  clk_IBUF_inst/O
                         net (fo=1, routed)           1.972     3.430    clk_IBUF
    BUFGCTRL_X0Y16       BUFG (Prop_bufg_I_O)         0.096     3.526 r  clk_IBUF_BUFG_inst/O
                         net (fo=27, routed)          1.552     5.078    clk_IBUF_BUFG
    SLICE_X36Y50         FDRE                                         r  counter_for_clk_1HZ_reg[24]/C
  -------------------------------------------------------------------    -------------------
    SLICE_X36Y50         FDRE (Prop_fdre_C_Q)         0.456     5.534 f  counter_for_clk_1HZ_reg[24]/Q
                         net (fo=2, routed)           1.097     6.631    counter_for_clk_1HZ[24]
    SLICE_X37Y50         LUT6 (Prop_lut6_I4_O)        0.124     6.755 r  counter_for_clk_1HZ[25]_i_4/O
                         net (fo=2, routed)           1.092     7.847    counter_for_clk_1HZ[25]_i_4_n_0
    SLICE_X37Y46         LUT6 (Prop_lut6_I1_O)        0.124     7.971 r  counter_for_clk_1HZ[25]_i_1/O
                         net (fo=26, routed)          0.907     8.878    clk_1HZ
    SLICE_X36Y49         FDRE                                         r  counter_for_clk_1HZ_reg[19]/R
  -------------------------------------------------------------------    -------------------

                         (clock sys_clk rise edge)   10.000    10.000 r  
    F14                                               0.000    10.000 r  clk (IN)
                         net (fo=0)                   0.000    10.000    clk
    F14                  IBUF (Prop_ibuf_I_O)         1.388    11.388 r  clk_IBUF_inst/O
                         net (fo=1, routed)           1.868    13.256    clk_IBUF
    BUFGCTRL_X0Y16       BUFG (Prop_bufg_I_O)         0.091    13.347 r  clk_IBUF_BUFG_inst/O
                         net (fo=27, routed)          1.449    14.796    clk_IBUF_BUFG
    SLICE_X36Y49         FDRE                                         r  counter_for_clk_1HZ_reg[19]/C
                         clock pessimism              0.179    14.975    
                         clock uncertainty           -0.035    14.940    
    SLICE_X36Y49         FDRE (Setup_fdre_C_R)       -0.429    14.511    counter_for_clk_1HZ_reg[19]
  -------------------------------------------------------------------
                         required time                         14.511    
                         arrival time                          -8.878    
  -------------------------------------------------------------------
                         slack                                  5.633    

Slack (MET) :             5.633ns  (required time - arrival time)
  Source:                 counter_for_clk_1HZ_reg[24]/C
                            (rising edge-triggered cell FDRE clocked by sys_clk  {rise@0.000ns fall@5.000ns period=10.000ns})
  Destination:            counter_for_clk_1HZ_reg[20]/R
                            (rising edge-triggered cell FDRE clocked by sys_clk  {rise@0.000ns fall@5.000ns period=10.000ns})
  Path Group:             sys_clk
  Path Type:              Setup (Max at Slow Process Corner)
  Requirement:            10.000ns  (sys_clk rise@10.000ns - sys_clk rise@0.000ns)
  Data Path Delay:        3.800ns  (logic 0.704ns (18.528%)  route 3.096ns (81.472%))
  Logic Levels:           2  (LUT6=2)
  Clock Path Skew:        -0.103ns (DCD - SCD + CPR)
    Destination Clock Delay (DCD):    4.796ns = ( 14.796 - 10.000 ) 
    Source Clock Delay      (SCD):    5.078ns
    Clock Pessimism Removal (CPR):    0.179ns
  Clock Uncertainty:      0.035ns  ((TSJ^2 + TIJ^2)^1/2 + DJ) / 2 + PE
    Total System Jitter     (TSJ):    0.071ns
    Total Input Jitter      (TIJ):    0.000ns
    Discrete Jitter          (DJ):    0.000ns
    Phase Error              (PE):    0.000ns

    Location             Delay type                Incr(ns)  Path(ns)    Netlist Resource(s)
  -------------------------------------------------------------------    -------------------
                         (clock sys_clk rise edge)    0.000     0.000 r  
    F14                                               0.000     0.000 r  clk (IN)
                         net (fo=0)                   0.000     0.000    clk
    F14                  IBUF (Prop_ibuf_I_O)         1.458     1.458 r  clk_IBUF_inst/O
                         net (fo=1, routed)           1.972     3.430    clk_IBUF
    BUFGCTRL_X0Y16       BUFG (Prop_bufg_I_O)         0.096     3.526 r  clk_IBUF_BUFG_inst/O
                         net (fo=27, routed)          1.552     5.078    clk_IBUF_BUFG
    SLICE_X36Y50         FDRE                                         r  counter_for_clk_1HZ_reg[24]/C
  -------------------------------------------------------------------    -------------------
    SLICE_X36Y50         FDRE (Prop_fdre_C_Q)         0.456     5.534 f  counter_for_clk_1HZ_reg[24]/Q
                         net (fo=2, routed)           1.097     6.631    counter_for_clk_1HZ[24]
    SLICE_X37Y50         LUT6 (Prop_lut6_I4_O)        0.124     6.755 r  counter_for_clk_1HZ[25]_i_4/O
                         net (fo=2, routed)           1.092     7.847    counter_for_clk_1HZ[25]_i_4_n_0
    SLICE_X37Y46         LUT6 (Prop_lut6_I1_O)        0.124     7.971 r  counter_for_clk_1HZ[25]_i_1/O
                         net (fo=26, routed)          0.907     8.878    clk_1HZ
    SLICE_X36Y49         FDRE                                         r  counter_for_clk_1HZ_reg[20]/R
  -------------------------------------------------------------------    -------------------

                         (clock sys_clk rise edge)   10.000    10.000 r  
    F14                                               0.000    10.000 r  clk (IN)
                         net (fo=0)                   0.000    10.000    clk
    F14                  IBUF (Prop_ibuf_I_O)         1.388    11.388 r  clk_IBUF_inst/O
                         net (fo=1, routed)           1.868    13.256    clk_IBUF
    BUFGCTRL_X0Y16       BUFG (Prop_bufg_I_O)         0.091    13.347 r  clk_IBUF_BUFG_inst/O
                         net (fo=27, routed)          1.449    14.796    clk_IBUF_BUFG
    SLICE_X36Y49         FDRE                                         r  counter_for_clk_1HZ_reg[20]/C
                         clock pessimism              0.179    14.975    
                         clock uncertainty           -0.035    14.940    
    SLICE_X36Y49         FDRE (Setup_fdre_C_R)       -0.429    14.511    counter_for_clk_1HZ_reg[20]
  -------------------------------------------------------------------
                         required time                         14.511    
                         arrival time                          -8.878    
  -------------------------------------------------------------------
                         slack                                  5.633    

Slack (MET) :             5.772ns  (required time - arrival time)
  Source:                 counter_for_clk_1HZ_reg[24]/C
                            (rising edge-triggered cell FDRE clocked by sys_clk  {rise@0.000ns fall@5.000ns period=10.000ns})
  Destination:            counter_for_clk_1HZ_reg[13]/R
                            (rising edge-triggered cell FDRE clocked by sys_clk  {rise@0.000ns fall@5.000ns period=10.000ns})
  Path Group:             sys_clk
  Path Type:              Setup (Max at Slow Process Corner)
  Requirement:            10.000ns  (sys_clk rise@10.000ns - sys_clk rise@0.000ns)
  Data Path Delay:        3.661ns  (logic 0.704ns (19.228%)  route 2.957ns (80.772%))
  Logic Levels:           2  (LUT6=2)
  Clock Path Skew:        -0.103ns (DCD - SCD + CPR)
    Destination Clock Delay (DCD):    4.796ns = ( 14.796 - 10.000 ) 
    Source Clock Delay      (SCD):    5.078ns
    Clock Pessimism Removal (CPR):    0.179ns
  Clock Uncertainty:      0.035ns  ((TSJ^2 + TIJ^2)^1/2 + DJ) / 2 + PE
    Total System Jitter     (TSJ):    0.071ns
    Total Input Jitter      (TIJ):    0.000ns
    Discrete Jitter          (DJ):    0.000ns
    Phase Error              (PE):    0.000ns

    Location             Delay type                Incr(ns)  Path(ns)    Netlist Resource(s)
  -------------------------------------------------------------------    -------------------
                         (clock sys_clk rise edge)    0.000     0.000 r  
    F14                                               0.000     0.000 r  clk (IN)
                         net (fo=0)                   0.000     0.000    clk
    F14                  IBUF (Prop_ibuf_I_O)         1.458     1.458 r  clk_IBUF_inst/O
                         net (fo=1, routed)           1.972     3.430    clk_IBUF
    BUFGCTRL_X0Y16       BUFG (Prop_bufg_I_O)         0.096     3.526 r  clk_IBUF_BUFG_inst/O
                         net (fo=27, routed)          1.552     5.078    clk_IBUF_BUFG
    SLICE_X36Y50         FDRE                                         r  counter_for_clk_1HZ_reg[24]/C
  -------------------------------------------------------------------    -------------------
    SLICE_X36Y50         FDRE (Prop_fdre_C_Q)         0.456     5.534 f  counter_for_clk_1HZ_reg[24]/Q
                         net (fo=2, routed)           1.097     6.631    counter_for_clk_1HZ[24]
    SLICE_X37Y50         LUT6 (Prop_lut6_I4_O)        0.124     6.755 r  counter_for_clk_1HZ[25]_i_4/O
                         net (fo=2, routed)           1.092     7.847    counter_for_clk_1HZ[25]_i_4_n_0
    SLICE_X37Y46         LUT6 (Prop_lut6_I1_O)        0.124     7.971 r  counter_for_clk_1HZ[25]_i_1/O
                         net (fo=26, routed)          0.769     8.739    clk_1HZ
    SLICE_X36Y48         FDRE                                         r  counter_for_clk_1HZ_reg[13]/R
  -------------------------------------------------------------------    -------------------

                         (clock sys_clk rise edge)   10.000    10.000 r  
    F14                                               0.000    10.000 r  clk (IN)
                         net (fo=0)                   0.000    10.000    clk
    F14                  IBUF (Prop_ibuf_I_O)         1.388    11.388 r  clk_IBUF_inst/O
                         net (fo=1, routed)           1.868    13.256    clk_IBUF
    BUFGCTRL_X0Y16       BUFG (Prop_bufg_I_O)         0.091    13.347 r  clk_IBUF_BUFG_inst/O
                         net (fo=27, routed)          1.449    14.796    clk_IBUF_BUFG
    SLICE_X36Y48         FDRE                                         r  counter_for_clk_1HZ_reg[13]/C
                         clock pessimism              0.179    14.975    
                         clock uncertainty           -0.035    14.940    
    SLICE_X36Y48         FDRE (Setup_fdre_C_R)       -0.429    14.511    counter_for_clk_1HZ_reg[13]
  -------------------------------------------------------------------
                         required time                         14.511    
                         arrival time                          -8.739    
  -------------------------------------------------------------------
                         slack                                  5.772    

Slack (MET) :             5.772ns  (required time - arrival time)
  Source:                 counter_for_clk_1HZ_reg[24]/C
                            (rising edge-triggered cell FDRE clocked by sys_clk  {rise@0.000ns fall@5.000ns period=10.000ns})
  Destination:            counter_for_clk_1HZ_reg[14]/R
                            (rising edge-triggered cell FDRE clocked by sys_clk  {rise@0.000ns fall@5.000ns period=10.000ns})
  Path Group:             sys_clk
  Path Type:              Setup (Max at Slow Process Corner)
  Requirement:            10.000ns  (sys_clk rise@10.000ns - sys_clk rise@0.000ns)
  Data Path Delay:        3.661ns  (logic 0.704ns (19.228%)  route 2.957ns (80.772%))
  Logic Levels:           2  (LUT6=2)
  Clock Path Skew:        -0.103ns (DCD - SCD + CPR)
    Destination Clock Delay (DCD):    4.796ns = ( 14.796 - 10.000 ) 
    Source Clock Delay      (SCD):    5.078ns
    Clock Pessimism Removal (CPR):    0.179ns
  Clock Uncertainty:      0.035ns  ((TSJ^2 + TIJ^2)^1/2 + DJ) / 2 + PE
    Total System Jitter     (TSJ):    0.071ns
    Total Input Jitter      (TIJ):    0.000ns
    Discrete Jitter          (DJ):    0.000ns
    Phase Error              (PE):    0.000ns

    Location             Delay type                Incr(ns)  Path(ns)    Netlist Resource(s)
  -------------------------------------------------------------------    -------------------
                         (clock sys_clk rise edge)    0.000     0.000 r  
    F14                                               0.000     0.000 r  clk (IN)
                         net (fo=0)                   0.000     0.000    clk
    F14                  IBUF (Prop_ibuf_I_O)         1.458     1.458 r  clk_IBUF_inst/O
                         net (fo=1, routed)           1.972     3.430    clk_IBUF
    BUFGCTRL_X0Y16       BUFG (Prop_bufg_I_O)         0.096     3.526 r  clk_IBUF_BUFG_inst/O
                         net (fo=27, routed)          1.552     5.078    clk_IBUF_BUFG
    SLICE_X36Y50         FDRE                                         r  counter_for_clk_1HZ_reg[24]/C
  -------------------------------------------------------------------    -------------------
    SLICE_X36Y50         FDRE (Prop_fdre_C_Q)         0.456     5.534 f  counter_for_clk_1HZ_reg[24]/Q
                         net (fo=2, routed)           1.097     6.631    counter_for_clk_1HZ[24]
    SLICE_X37Y50         LUT6 (Prop_lut6_I4_O)        0.124     6.755 r  counter_for_clk_1HZ[25]_i_4/O
                         net (fo=2, routed)           1.092     7.847    counter_for_clk_1HZ[25]_i_4_n_0
    SLICE_X37Y46         LUT6 (Prop_lut6_I1_O)        0.124     7.971 r  counter_for_clk_1HZ[25]_i_1/O
                         net (fo=26, routed)          0.769     8.739    clk_1HZ
    SLICE_X36Y48         FDRE                                         r  counter_for_clk_1HZ_reg[14]/R
  -------------------------------------------------------------------    -------------------

                         (clock sys_clk rise edge)   10.000    10.000 r  
    F14                                               0.000    10.000 r  clk (IN)
                         net (fo=0)                   0.000    10.000    clk
    F14                  IBUF (Prop_ibuf_I_O)         1.388    11.388 r  clk_IBUF_inst/O
                         net (fo=1, routed)           1.868    13.256    clk_IBUF
    BUFGCTRL_X0Y16       BUFG (Prop_bufg_I_O)         0.091    13.347 r  clk_IBUF_BUFG_inst/O
                         net (fo=27, routed)          1.449    14.796    clk_IBUF_BUFG
    SLICE_X36Y48         FDRE                                         r  counter_for_clk_1HZ_reg[14]/C
                         clock pessimism              0.179    14.975    
                         clock uncertainty           -0.035    14.940    
    SLICE_X36Y48         FDRE (Setup_fdre_C_R)       -0.429    14.511    counter_for_clk_1HZ_reg[14]
  -------------------------------------------------------------------
                         required time                         14.511    
                         arrival time                          -8.739    
  -------------------------------------------------------------------
                         slack                                  5.772    

Slack (MET) :             5.772ns  (required time - arrival time)
  Source:                 counter_for_clk_1HZ_reg[24]/C
                            (rising edge-triggered cell FDRE clocked by sys_clk  {rise@0.000ns fall@5.000ns period=10.000ns})
  Destination:            counter_for_clk_1HZ_reg[15]/R
                            (rising edge-triggered cell FDRE clocked by sys_clk  {rise@0.000ns fall@5.000ns period=10.000ns})
  Path Group:             sys_clk
  Path Type:              Setup (Max at Slow Process Corner)
  Requirement:            10.000ns  (sys_clk rise@10.000ns - sys_clk rise@0.000ns)
  Data Path Delay:        3.661ns  (logic 0.704ns (19.228%)  route 2.957ns (80.772%))
  Logic Levels:           2  (LUT6=2)
  Clock Path Skew:        -0.103ns (DCD - SCD + CPR)
    Destination Clock Delay (DCD):    4.796ns = ( 14.796 - 10.000 ) 
    Source Clock Delay      (SCD):    5.078ns
    Clock Pessimism Removal (CPR):    0.179ns
  Clock Uncertainty:      0.035ns  ((TSJ^2 + TIJ^2)^1/2 + DJ) / 2 + PE
    Total System Jitter     (TSJ):    0.071ns
    Total Input Jitter      (TIJ):    0.000ns
    Discrete Jitter          (DJ):    0.000ns
    Phase Error              (PE):    0.000ns

    Location             Delay type                Incr(ns)  Path(ns)    Netlist Resource(s)
  -------------------------------------------------------------------    -------------------
                         (clock sys_clk rise edge)    0.000     0.000 r  
    F14                                               0.000     0.000 r  clk (IN)
                         net (fo=0)                   0.000     0.000    clk
    F14                  IBUF (Prop_ibuf_I_O)         1.458     1.458 r  clk_IBUF_inst/O
                         net (fo=1, routed)           1.972     3.430    clk_IBUF
    BUFGCTRL_X0Y16       BUFG (Prop_bufg_I_O)         0.096     3.526 r  clk_IBUF_BUFG_inst/O
                         net (fo=27, routed)          1.552     5.078    clk_IBUF_BUFG
    SLICE_X36Y50         FDRE                                         r  counter_for_clk_1HZ_reg[24]/C
  -------------------------------------------------------------------    -------------------
    SLICE_X36Y50         FDRE (Prop_fdre_C_Q)         0.456     5.534 f  counter_for_clk_1HZ_reg[24]/Q
                         net (fo=2, routed)           1.097     6.631    counter_for_clk_1HZ[24]
    SLICE_X37Y50         LUT6 (Prop_lut6_I4_O)        0.124     6.755 r  counter_for_clk_1HZ[25]_i_4/O
                         net (fo=2, routed)           1.092     7.847    counter_for_clk_1HZ[25]_i_4_n_0
    SLICE_X37Y46         LUT6 (Prop_lut6_I1_O)        0.124     7.971 r  counter_for_clk_1HZ[25]_i_1/O
                         net (fo=26, routed)          0.769     8.739    clk_1HZ
    SLICE_X36Y48         FDRE                                         r  counter_for_clk_1HZ_reg[15]/R
  -------------------------------------------------------------------    -------------------

                         (clock sys_clk rise edge)   10.000    10.000 r  
    F14                                               0.000    10.000 r  clk (IN)
                         net (fo=0)                   0.000    10.000    clk
    F14                  IBUF (Prop_ibuf_I_O)         1.388    11.388 r  clk_IBUF_inst/O
                         net (fo=1, routed)           1.868    13.256    clk_IBUF
    BUFGCTRL_X0Y16       BUFG (Prop_bufg_I_O)         0.091    13.347 r  clk_IBUF_BUFG_inst/O
                         net (fo=27, routed)          1.449    14.796    clk_IBUF_BUFG
    SLICE_X36Y48         FDRE                                         r  counter_for_clk_1HZ_reg[15]/C
                         clock pessimism              0.179    14.975    
                         clock uncertainty           -0.035    14.940    
    SLICE_X36Y48         FDRE (Setup_fdre_C_R)       -0.429    14.511    counter_for_clk_1HZ_reg[15]
  -------------------------------------------------------------------
                         required time                         14.511    
                         arrival time                          -8.739    
  -------------------------------------------------------------------
                         slack                                  5.772    

Slack (MET) :             5.772ns  (required time - arrival time)
  Source:                 counter_for_clk_1HZ_reg[24]/C
                            (rising edge-triggered cell FDRE clocked by sys_clk  {rise@0.000ns fall@5.000ns period=10.000ns})
  Destination:            counter_for_clk_1HZ_reg[16]/R
                            (rising edge-triggered cell FDRE clocked by sys_clk  {rise@0.000ns fall@5.000ns period=10.000ns})
  Path Group:             sys_clk
  Path Type:              Setup (Max at Slow Process Corner)
  Requirement:            10.000ns  (sys_clk rise@10.000ns - sys_clk rise@0.000ns)
  Data Path Delay:        3.661ns  (logic 0.704ns (19.228%)  route 2.957ns (80.772%))
  Logic Levels:           2  (LUT6=2)
  Clock Path Skew:        -0.103ns (DCD - SCD + CPR)
    Destination Clock Delay (DCD):    4.796ns = ( 14.796 - 10.000 ) 
    Source Clock Delay      (SCD):    5.078ns
    Clock Pessimism Removal (CPR):    0.179ns
  Clock Uncertainty:      0.035ns  ((TSJ^2 + TIJ^2)^1/2 + DJ) / 2 + PE
    Total System Jitter     (TSJ):    0.071ns
    Total Input Jitter      (TIJ):    0.000ns
    Discrete Jitter          (DJ):    0.000ns
    Phase Error              (PE):    0.000ns

    Location             Delay type                Incr(ns)  Path(ns)    Netlist Resource(s)
  -------------------------------------------------------------------    -------------------
                         (clock sys_clk rise edge)    0.000     0.000 r  
    F14                                               0.000     0.000 r  clk (IN)
                         net (fo=0)                   0.000     0.000    clk
    F14                  IBUF (Prop_ibuf_I_O)         1.458     1.458 r  clk_IBUF_inst/O
                         net (fo=1, routed)           1.972     3.430    clk_IBUF
    BUFGCTRL_X0Y16       BUFG (Prop_bufg_I_O)         0.096     3.526 r  clk_IBUF_BUFG_inst/O
                         net (fo=27, routed)          1.552     5.078    clk_IBUF_BUFG
    SLICE_X36Y50         FDRE                                         r  counter_for_clk_1HZ_reg[24]/C
  -------------------------------------------------------------------    -------------------
    SLICE_X36Y50         FDRE (Prop_fdre_C_Q)         0.456     5.534 f  counter_for_clk_1HZ_reg[24]/Q
                         net (fo=2, routed)           1.097     6.631    counter_for_clk_1HZ[24]
    SLICE_X37Y50         LUT6 (Prop_lut6_I4_O)        0.124     6.755 r  counter_for_clk_1HZ[25]_i_4/O
                         net (fo=2, routed)           1.092     7.847    counter_for_clk_1HZ[25]_i_4_n_0
    SLICE_X37Y46         LUT6 (Prop_lut6_I1_O)        0.124     7.971 r  counter_for_clk_1HZ[25]_i_1/O
                         net (fo=26, routed)          0.769     8.739    clk_1HZ
    SLICE_X36Y48         FDRE                                         r  counter_for_clk_1HZ_reg[16]/R
  -------------------------------------------------------------------    -------------------

                         (clock sys_clk rise edge)   10.000    10.000 r  
    F14                                               0.000    10.000 r  clk (IN)
                         net (fo=0)                   0.000    10.000    clk
    F14                  IBUF (Prop_ibuf_I_O)         1.388    11.388 r  clk_IBUF_inst/O
                         net (fo=1, routed)           1.868    13.256    clk_IBUF
    BUFGCTRL_X0Y16       BUFG (Prop_bufg_I_O)         0.091    13.347 r  clk_IBUF_BUFG_inst/O
                         net (fo=27, routed)          1.449    14.796    clk_IBUF_BUFG
    SLICE_X36Y48         FDRE                                         r  counter_for_clk_1HZ_reg[16]/C
                         clock pessimism              0.179    14.975    
                         clock uncertainty           -0.035    14.940    
    SLICE_X36Y48         FDRE (Setup_fdre_C_R)       -0.429    14.511    counter_for_clk_1HZ_reg[16]
  -------------------------------------------------------------------
                         required time                         14.511    
                         arrival time                          -8.739    
  -------------------------------------------------------------------
                         slack                                  5.772    

Slack (MET) :             5.882ns  (required time - arrival time)
  Source:                 counter_for_clk_1HZ_reg[24]/C
                            (rising edge-triggered cell FDRE clocked by sys_clk  {rise@0.000ns fall@5.000ns period=10.000ns})
  Destination:            counter_for_clk_1HZ_reg[5]/R
                            (rising edge-triggered cell FDRE clocked by sys_clk  {rise@0.000ns fall@5.000ns period=10.000ns})
  Path Group:             sys_clk
  Path Type:              Setup (Max at Slow Process Corner)
  Requirement:            10.000ns  (sys_clk rise@10.000ns - sys_clk rise@0.000ns)
  Data Path Delay:        3.550ns  (logic 0.704ns (19.833%)  route 2.846ns (80.167%))
  Logic Levels:           2  (LUT6=2)
  Clock Path Skew:        -0.104ns (DCD - SCD + CPR)
    Destination Clock Delay (DCD):    4.795ns = ( 14.795 - 10.000 ) 
    Source Clock Delay      (SCD):    5.078ns
    Clock Pessimism Removal (CPR):    0.179ns
  Clock Uncertainty:      0.035ns  ((TSJ^2 + TIJ^2)^1/2 + DJ) / 2 + PE
    Total System Jitter     (TSJ):    0.071ns
    Total Input Jitter      (TIJ):    0.000ns
    Discrete Jitter          (DJ):    0.000ns
    Phase Error              (PE):    0.000ns

    Location             Delay type                Incr(ns)  Path(ns)    Netlist Resource(s)
  -------------------------------------------------------------------    -------------------
                         (clock sys_clk rise edge)    0.000     0.000 r  
    F14                                               0.000     0.000 r  clk (IN)
                         net (fo=0)                   0.000     0.000    clk
    F14                  IBUF (Prop_ibuf_I_O)         1.458     1.458 r  clk_IBUF_inst/O
                         net (fo=1, routed)           1.972     3.430    clk_IBUF
    BUFGCTRL_X0Y16       BUFG (Prop_bufg_I_O)         0.096     3.526 r  clk_IBUF_BUFG_inst/O
                         net (fo=27, routed)          1.552     5.078    clk_IBUF_BUFG
    SLICE_X36Y50         FDRE                                         r  counter_for_clk_1HZ_reg[24]/C
  -------------------------------------------------------------------    -------------------
    SLICE_X36Y50         FDRE (Prop_fdre_C_Q)         0.456     5.534 f  counter_for_clk_1HZ_reg[24]/Q
                         net (fo=2, routed)           1.097     6.631    counter_for_clk_1HZ[24]
    SLICE_X37Y50         LUT6 (Prop_lut6_I4_O)        0.124     6.755 r  counter_for_clk_1HZ[25]_i_4/O
                         net (fo=2, routed)           1.092     7.847    counter_for_clk_1HZ[25]_i_4_n_0
    SLICE_X37Y46         LUT6 (Prop_lut6_I1_O)        0.124     7.971 r  counter_for_clk_1HZ[25]_i_1/O
                         net (fo=26, routed)          0.657     8.628    clk_1HZ
    SLICE_X36Y46         FDRE                                         r  counter_for_clk_1HZ_reg[5]/R
  -------------------------------------------------------------------    -------------------

                         (clock sys_clk rise edge)   10.000    10.000 r  
    F14                                               0.000    10.000 r  clk (IN)
                         net (fo=0)                   0.000    10.000    clk
    F14                  IBUF (Prop_ibuf_I_O)         1.388    11.388 r  clk_IBUF_inst/O
                         net (fo=1, routed)           1.868    13.256    clk_IBUF
    BUFGCTRL_X0Y16       BUFG (Prop_bufg_I_O)         0.091    13.347 r  clk_IBUF_BUFG_inst/O
                         net (fo=27, routed)          1.448    14.795    clk_IBUF_BUFG
    SLICE_X36Y46         FDRE                                         r  counter_for_clk_1HZ_reg[5]/C
                         clock pessimism              0.179    14.974    
                         clock uncertainty           -0.035    14.939    
    SLICE_X36Y46         FDRE (Setup_fdre_C_R)       -0.429    14.510    counter_for_clk_1HZ_reg[5]
  -------------------------------------------------------------------
                         required time                         14.510    
                         arrival time                          -8.628    
  -------------------------------------------------------------------
                         slack                                  5.882    





Min Delay Paths
--------------------------------------------------------------------------------------
Slack (MET) :             0.121ns  (arrival time - required time)
  Source:                 counter_for_clk_1HZ_reg[19]/C
                            (rising edge-triggered cell FDRE clocked by sys_clk  {rise@0.000ns fall@5.000ns period=10.000ns})
  Destination:            counter_for_clk_1HZ_reg[21]/D
                            (rising edge-triggered cell FDRE clocked by sys_clk  {rise@0.000ns fall@5.000ns period=10.000ns})
  Path Group:             sys_clk
  Path Type:              Hold (Min at Fast Process Corner)
  Requirement:            0.000ns  (sys_clk rise@0.000ns - sys_clk rise@0.000ns)
  Data Path Delay:        0.489ns  (logic 0.355ns (72.555%)  route 0.134ns (27.445%))
  Logic Levels:           2  (CARRY4=2)
  Clock Path Skew:        0.263ns (DCD - SCD - CPR)
    Destination Clock Delay (DCD):    1.960ns
    Source Clock Delay      (SCD):    1.452ns
    Clock Pessimism Removal (CPR):    0.245ns

    Location             Delay type                Incr(ns)  Path(ns)    Netlist Resource(s)
  -------------------------------------------------------------------    -------------------
                         (clock sys_clk rise edge)    0.000     0.000 r  
    F14                                               0.000     0.000 r  clk (IN)
                         net (fo=0)                   0.000     0.000    clk
    F14                  IBUF (Prop_ibuf_I_O)         0.226     0.226 r  clk_IBUF_inst/O
                         net (fo=1, routed)           0.634     0.861    clk_IBUF
    BUFGCTRL_X0Y16       BUFG (Prop_bufg_I_O)         0.026     0.887 r  clk_IBUF_BUFG_inst/O
                         net (fo=27, routed)          0.566     1.452    clk_IBUF_BUFG
    SLICE_X36Y49         FDRE                                         r  counter_for_clk_1HZ_reg[19]/C
  -------------------------------------------------------------------    -------------------
    SLICE_X36Y49         FDRE (Prop_fdre_C_Q)         0.141     1.593 r  counter_for_clk_1HZ_reg[19]/Q
                         net (fo=2, routed)           0.134     1.727    counter_for_clk_1HZ[19]
    SLICE_X36Y49         CARRY4 (Prop_carry4_S[2]_CO[3])
                                                      0.160     1.887 r  counter_for_clk_1HZ_reg[20]_i_1/CO[3]
                         net (fo=1, routed)           0.001     1.887    counter_for_clk_1HZ_reg[20]_i_1_n_0
    SLICE_X36Y50         CARRY4 (Prop_carry4_CI_O[0])
                                                      0.054     1.941 r  counter_for_clk_1HZ_reg[24]_i_1/O[0]
                         net (fo=1, routed)           0.000     1.941    p_1_in[21]
    SLICE_X36Y50         FDRE                                         r  counter_for_clk_1HZ_reg[21]/D
  -------------------------------------------------------------------    -------------------

                         (clock sys_clk rise edge)    0.000     0.000 r  
    F14                                               0.000     0.000 r  clk (IN)
                         net (fo=0)                   0.000     0.000    clk
    F14                  IBUF (Prop_ibuf_I_O)         0.414     0.414 r  clk_IBUF_inst/O
                         net (fo=1, routed)           0.689     1.103    clk_IBUF
    BUFGCTRL_X0Y16       BUFG (Prop_bufg_I_O)         0.029     1.132 r  clk_IBUF_BUFG_inst/O
                         net (fo=27, routed)          0.828     1.960    clk_IBUF_BUFG
    SLICE_X36Y50         FDRE                                         r  counter_for_clk_1HZ_reg[21]/C
                         clock pessimism             -0.245     1.715    
    SLICE_X36Y50         FDRE (Hold_fdre_C_D)         0.105     1.820    counter_for_clk_1HZ_reg[21]
  -------------------------------------------------------------------
                         required time                         -1.820    
                         arrival time                           1.941    
  -------------------------------------------------------------------
                         slack                                  0.121    

Slack (MET) :             0.132ns  (arrival time - required time)
  Source:                 counter_for_clk_1HZ_reg[19]/C
                            (rising edge-triggered cell FDRE clocked by sys_clk  {rise@0.000ns fall@5.000ns period=10.000ns})
  Destination:            counter_for_clk_1HZ_reg[23]/D
                            (rising edge-triggered cell FDRE clocked by sys_clk  {rise@0.000ns fall@5.000ns period=10.000ns})
  Path Group:             sys_clk
  Path Type:              Hold (Min at Fast Process Corner)
  Requirement:            0.000ns  (sys_clk rise@0.000ns - sys_clk rise@0.000ns)
  Data Path Delay:        0.500ns  (logic 0.366ns (73.158%)  route 0.134ns (26.842%))
  Logic Levels:           2  (CARRY4=2)
  Clock Path Skew:        0.263ns (DCD - SCD - CPR)
    Destination Clock Delay (DCD):    1.960ns
    Source Clock Delay      (SCD):    1.452ns
    Clock Pessimism Removal (CPR):    0.245ns

    Location             Delay type                Incr(ns)  Path(ns)    Netlist Resource(s)
  -------------------------------------------------------------------    -------------------
                         (clock sys_clk rise edge)    0.000     0.000 r  
    F14                                               0.000     0.000 r  clk (IN)
                         net (fo=0)                   0.000     0.000    clk
    F14                  IBUF (Prop_ibuf_I_O)         0.226     0.226 r  clk_IBUF_inst/O
                         net (fo=1, routed)           0.634     0.861    clk_IBUF
    BUFGCTRL_X0Y16       BUFG (Prop_bufg_I_O)         0.026     0.887 r  clk_IBUF_BUFG_inst/O
                         net (fo=27, routed)          0.566     1.452    clk_IBUF_BUFG
    SLICE_X36Y49         FDRE                                         r  counter_for_clk_1HZ_reg[19]/C
  -------------------------------------------------------------------    -------------------
    SLICE_X36Y49         FDRE (Prop_fdre_C_Q)         0.141     1.593 r  counter_for_clk_1HZ_reg[19]/Q
                         net (fo=2, routed)           0.134     1.727    counter_for_clk_1HZ[19]
    SLICE_X36Y49         CARRY4 (Prop_carry4_S[2]_CO[3])
                                                      0.160     1.887 r  counter_for_clk_1HZ_reg[20]_i_1/CO[3]
                         net (fo=1, routed)           0.001     1.887    counter_for_clk_1HZ_reg[20]_i_1_n_0
    SLICE_X36Y50         CARRY4 (Prop_carry4_CI_O[2])
                                                      0.065     1.952 r  counter_for_clk_1HZ_reg[24]_i_1/O[2]
                         net (fo=1, routed)           0.000     1.952    p_1_in[23]
    SLICE_X36Y50         FDRE                                         r  counter_for_clk_1HZ_reg[23]/D
  -------------------------------------------------------------------    -------------------

                         (clock sys_clk rise edge)    0.000     0.000 r  
    F14                                               0.000     0.000 r  clk (IN)
                         net (fo=0)                   0.000     0.000    clk
    F14                  IBUF (Prop_ibuf_I_O)         0.414     0.414 r  clk_IBUF_inst/O
                         net (fo=1, routed)           0.689     1.103    clk_IBUF
    BUFGCTRL_X0Y16       BUFG (Prop_bufg_I_O)         0.029     1.132 r  clk_IBUF_BUFG_inst/O
                         net (fo=27, routed)          0.828     1.960    clk_IBUF_BUFG
    SLICE_X36Y50         FDRE                                         r  counter_for_clk_1HZ_reg[23]/C
                         clock pessimism             -0.245     1.715    
    SLICE_X36Y50         FDRE (Hold_fdre_C_D)         0.105     1.820    counter_for_clk_1HZ_reg[23]
  -------------------------------------------------------------------
                         required time                         -1.820    
                         arrival time                           1.952    
  -------------------------------------------------------------------
                         slack                                  0.132    

Slack (MET) :             0.157ns  (arrival time - required time)
  Source:                 counter_for_clk_1HZ_reg[19]/C
                            (rising edge-triggered cell FDRE clocked by sys_clk  {rise@0.000ns fall@5.000ns period=10.000ns})
  Destination:            counter_for_clk_1HZ_reg[22]/D
                            (rising edge-triggered cell FDRE clocked by sys_clk  {rise@0.000ns fall@5.000ns period=10.000ns})
  Path Group:             sys_clk
  Path Type:              Hold (Min at Fast Process Corner)
  Requirement:            0.000ns  (sys_clk rise@0.000ns - sys_clk rise@0.000ns)
  Data Path Delay:        0.525ns  (logic 0.391ns (74.436%)  route 0.134ns (25.564%))
  Logic Levels:           2  (CARRY4=2)
  Clock Path Skew:        0.263ns (DCD - SCD - CPR)
    Destination Clock Delay (DCD):    1.960ns
    Source Clock Delay      (SCD):    1.452ns
    Clock Pessimism Removal (CPR):    0.245ns

    Location             Delay type                Incr(ns)  Path(ns)    Netlist Resource(s)
  -------------------------------------------------------------------    -------------------
                         (clock sys_clk rise edge)    0.000     0.000 r  
    F14                                               0.000     0.000 r  clk (IN)
                         net (fo=0)                   0.000     0.000    clk
    F14                  IBUF (Prop_ibuf_I_O)         0.226     0.226 r  clk_IBUF_inst/O
                         net (fo=1, routed)           0.634     0.861    clk_IBUF
    BUFGCTRL_X0Y16       BUFG (Prop_bufg_I_O)         0.026     0.887 r  clk_IBUF_BUFG_inst/O
                         net (fo=27, routed)          0.566     1.452    clk_IBUF_BUFG
    SLICE_X36Y49         FDRE                                         r  counter_for_clk_1HZ_reg[19]/C
  -------------------------------------------------------------------    -------------------
    SLICE_X36Y49         FDRE (Prop_fdre_C_Q)         0.141     1.593 r  counter_for_clk_1HZ_reg[19]/Q
                         net (fo=2, routed)           0.134     1.727    counter_for_clk_1HZ[19]
    SLICE_X36Y49         CARRY4 (Prop_carry4_S[2]_CO[3])
                                                      0.160     1.887 r  counter_for_clk_1HZ_reg[20]_i_1/CO[3]
                         net (fo=1, routed)           0.001     1.887    counter_for_clk_1HZ_reg[20]_i_1_n_0
    SLICE_X36Y50         CARRY4 (Prop_carry4_CI_O[1])
                                                      0.090     1.977 r  counter_for_clk_1HZ_reg[24]_i_1/O[1]
                         net (fo=1, routed)           0.000     1.977    p_1_in[22]
    SLICE_X36Y50         FDRE                                         r  counter_for_clk_1HZ_reg[22]/D
  -------------------------------------------------------------------    -------------------

                         (clock sys_clk rise edge)    0.000     0.000 r  
    F14                                               0.000     0.000 r  clk (IN)
                         net (fo=0)                   0.000     0.000    clk
    F14                  IBUF (Prop_ibuf_I_O)         0.414     0.414 r  clk_IBUF_inst/O
                         net (fo=1, routed)           0.689     1.103    clk_IBUF
    BUFGCTRL_X0Y16       BUFG (Prop_bufg_I_O)         0.029     1.132 r  clk_IBUF_BUFG_inst/O
                         net (fo=27, routed)          0.828     1.960    clk_IBUF_BUFG
    SLICE_X36Y50         FDRE                                         r  counter_for_clk_1HZ_reg[22]/C
                         clock pessimism             -0.245     1.715    
    SLICE_X36Y50         FDRE (Hold_fdre_C_D)         0.105     1.820    counter_for_clk_1HZ_reg[22]
  -------------------------------------------------------------------
                         required time                         -1.820    
                         arrival time                           1.977    
  -------------------------------------------------------------------
                         slack                                  0.157    

Slack (MET) :             0.157ns  (arrival time - required time)
  Source:                 counter_for_clk_1HZ_reg[19]/C
                            (rising edge-triggered cell FDRE clocked by sys_clk  {rise@0.000ns fall@5.000ns period=10.000ns})
  Destination:            counter_for_clk_1HZ_reg[24]/D
                            (rising edge-triggered cell FDRE clocked by sys_clk  {rise@0.000ns fall@5.000ns period=10.000ns})
  Path Group:             sys_clk
  Path Type:              Hold (Min at Fast Process Corner)
  Requirement:            0.000ns  (sys_clk rise@0.000ns - sys_clk rise@0.000ns)
  Data Path Delay:        0.525ns  (logic 0.391ns (74.436%)  route 0.134ns (25.564%))
  Logic Levels:           2  (CARRY4=2)
  Clock Path Skew:        0.263ns (DCD - SCD - CPR)
    Destination Clock Delay (DCD):    1.960ns
    Source Clock Delay      (SCD):    1.452ns
    Clock Pessimism Removal (CPR):    0.245ns

    Location             Delay type                Incr(ns)  Path(ns)    Netlist Resource(s)
  -------------------------------------------------------------------    -------------------
                         (clock sys_clk rise edge)    0.000     0.000 r  
    F14                                               0.000     0.000 r  clk (IN)
                         net (fo=0)                   0.000     0.000    clk
    F14                  IBUF (Prop_ibuf_I_O)         0.226     0.226 r  clk_IBUF_inst/O
                         net (fo=1, routed)           0.634     0.861    clk_IBUF
    BUFGCTRL_X0Y16       BUFG (Prop_bufg_I_O)         0.026     0.887 r  clk_IBUF_BUFG_inst/O
                         net (fo=27, routed)          0.566     1.452    clk_IBUF_BUFG
    SLICE_X36Y49         FDRE                                         r  counter_for_clk_1HZ_reg[19]/C
  -------------------------------------------------------------------    -------------------
    SLICE_X36Y49         FDRE (Prop_fdre_C_Q)         0.141     1.593 r  counter_for_clk_1HZ_reg[19]/Q
                         net (fo=2, routed)           0.134     1.727    counter_for_clk_1HZ[19]
    SLICE_X36Y49         CARRY4 (Prop_carry4_S[2]_CO[3])
                                                      0.160     1.887 r  counter_for_clk_1HZ_reg[20]_i_1/CO[3]
                         net (fo=1, routed)           0.001     1.887    counter_for_clk_1HZ_reg[20]_i_1_n_0
    SLICE_X36Y50         CARRY4 (Prop_carry4_CI_O[3])
                                                      0.090     1.977 r  counter_for_clk_1HZ_reg[24]_i_1/O[3]
                         net (fo=1, routed)           0.000     1.977    p_1_in[24]
    SLICE_X36Y50         FDRE                                         r  counter_for_clk_1HZ_reg[24]/D
  -------------------------------------------------------------------    -------------------

                         (clock sys_clk rise edge)    0.000     0.000 r  
    F14                                               0.000     0.000 r  clk (IN)
                         net (fo=0)                   0.000     0.000    clk
    F14                  IBUF (Prop_ibuf_I_O)         0.414     0.414 r  clk_IBUF_inst/O
                         net (fo=1, routed)           0.689     1.103    clk_IBUF
    BUFGCTRL_X0Y16       BUFG (Prop_bufg_I_O)         0.029     1.132 r  clk_IBUF_BUFG_inst/O
                         net (fo=27, routed)          0.828     1.960    clk_IBUF_BUFG
    SLICE_X36Y50         FDRE                                         r  counter_for_clk_1HZ_reg[24]/C
                         clock pessimism             -0.245     1.715    
    SLICE_X36Y50         FDRE (Hold_fdre_C_D)         0.105     1.820    counter_for_clk_1HZ_reg[24]
  -------------------------------------------------------------------
                         required time                         -1.820    
                         arrival time                           1.977    
  -------------------------------------------------------------------
                         slack                                  0.157    

Slack (MET) :             0.160ns  (arrival time - required time)
  Source:                 counter_for_clk_1HZ_reg[19]/C
                            (rising edge-triggered cell FDRE clocked by sys_clk  {rise@0.000ns fall@5.000ns period=10.000ns})
  Destination:            counter_for_clk_1HZ_reg[25]/D
                            (rising edge-triggered cell FDRE clocked by sys_clk  {rise@0.000ns fall@5.000ns period=10.000ns})
  Path Group:             sys_clk
  Path Type:              Hold (Min at Fast Process Corner)
  Requirement:            0.000ns  (sys_clk rise@0.000ns - sys_clk rise@0.000ns)
  Data Path Delay:        0.528ns  (logic 0.394ns (74.581%)  route 0.134ns (25.419%))
  Logic Levels:           3  (CARRY4=3)
  Clock Path Skew:        0.263ns (DCD - SCD - CPR)
    Destination Clock Delay (DCD):    1.960ns
    Source Clock Delay      (SCD):    1.452ns
    Clock Pessimism Removal (CPR):    0.245ns

    Location             Delay type                Incr(ns)  Path(ns)    Netlist Resource(s)
  -------------------------------------------------------------------    -------------------
                         (clock sys_clk rise edge)    0.000     0.000 r  
    F14                                               0.000     0.000 r  clk (IN)
                         net (fo=0)                   0.000     0.000    clk
    F14                  IBUF (Prop_ibuf_I_O)         0.226     0.226 r  clk_IBUF_inst/O
                         net (fo=1, routed)           0.634     0.861    clk_IBUF
    BUFGCTRL_X0Y16       BUFG (Prop_bufg_I_O)         0.026     0.887 r  clk_IBUF_BUFG_inst/O
                         net (fo=27, routed)          0.566     1.452    clk_IBUF_BUFG
    SLICE_X36Y49         FDRE                                         r  counter_for_clk_1HZ_reg[19]/C
  -------------------------------------------------------------------    -------------------
    SLICE_X36Y49         FDRE (Prop_fdre_C_Q)         0.141     1.593 r  counter_for_clk_1HZ_reg[19]/Q
                         net (fo=2, routed)           0.134     1.727    counter_for_clk_1HZ[19]
    SLICE_X36Y49         CARRY4 (Prop_carry4_S[2]_CO[3])
                                                      0.160     1.887 r  counter_for_clk_1HZ_reg[20]_i_1/CO[3]
                         net (fo=1, routed)           0.001     1.887    counter_for_clk_1HZ_reg[20]_i_1_n_0
    SLICE_X36Y50         CARRY4 (Prop_carry4_CI_CO[3])
                                                      0.039     1.926 r  counter_for_clk_1HZ_reg[24]_i_1/CO[3]
                         net (fo=1, routed)           0.000     1.926    counter_for_clk_1HZ_reg[24]_i_1_n_0
    SLICE_X36Y51         CARRY4 (Prop_carry4_CI_O[0])
                                                      0.054     1.980 r  counter_for_clk_1HZ_reg[25]_i_2/O[0]
                         net (fo=1, routed)           0.000     1.980    p_1_in[25]
    SLICE_X36Y51         FDRE                                         r  counter_for_clk_1HZ_reg[25]/D
  -------------------------------------------------------------------    -------------------

                         (clock sys_clk rise edge)    0.000     0.000 r  
    F14                                               0.000     0.000 r  clk (IN)
                         net (fo=0)                   0.000     0.000    clk
    F14                  IBUF (Prop_ibuf_I_O)         0.414     0.414 r  clk_IBUF_inst/O
                         net (fo=1, routed)           0.689     1.103    clk_IBUF
    BUFGCTRL_X0Y16       BUFG (Prop_bufg_I_O)         0.029     1.132 r  clk_IBUF_BUFG_inst/O
                         net (fo=27, routed)          0.828     1.960    clk_IBUF_BUFG
    SLICE_X36Y51         FDRE                                         r  counter_for_clk_1HZ_reg[25]/C
                         clock pessimism             -0.245     1.715    
    SLICE_X36Y51         FDRE (Hold_fdre_C_D)         0.105     1.820    counter_for_clk_1HZ_reg[25]
  -------------------------------------------------------------------
                         required time                         -1.820    
                         arrival time                           1.980    
  -------------------------------------------------------------------
                         slack                                  0.160    

Slack (MET) :             0.280ns  (arrival time - required time)
  Source:                 counter_for_clk_1HZ_reg[11]/C
                            (rising edge-triggered cell FDRE clocked by sys_clk  {rise@0.000ns fall@5.000ns period=10.000ns})
  Destination:            counter_for_clk_1HZ_reg[11]/D
                            (rising edge-triggered cell FDRE clocked by sys_clk  {rise@0.000ns fall@5.000ns period=10.000ns})
  Path Group:             sys_clk
  Path Type:              Hold (Min at Fast Process Corner)
  Requirement:            0.000ns  (sys_clk rise@0.000ns - sys_clk rise@0.000ns)
  Data Path Delay:        0.385ns  (logic 0.252ns (65.529%)  route 0.133ns (34.471%))
  Logic Levels:           1  (CARRY4=1)
  Clock Path Skew:        0.000ns (DCD - SCD - CPR)
    Destination Clock Delay (DCD):    1.966ns
    Source Clock Delay      (SCD):    1.452ns
    Clock Pessimism Removal (CPR):    0.514ns

    Location             Delay type                Incr(ns)  Path(ns)    Netlist Resource(s)
  -------------------------------------------------------------------    -------------------
                         (clock sys_clk rise edge)    0.000     0.000 r  
    F14                                               0.000     0.000 r  clk (IN)
                         net (fo=0)                   0.000     0.000    clk
    F14                  IBUF (Prop_ibuf_I_O)         0.226     0.226 r  clk_IBUF_inst/O
                         net (fo=1, routed)           0.634     0.861    clk_IBUF
    BUFGCTRL_X0Y16       BUFG (Prop_bufg_I_O)         0.026     0.887 r  clk_IBUF_BUFG_inst/O
                         net (fo=27, routed)          0.566     1.452    clk_IBUF_BUFG
    SLICE_X36Y47         FDRE                                         r  counter_for_clk_1HZ_reg[11]/C
  -------------------------------------------------------------------    -------------------
    SLICE_X36Y47         FDRE (Prop_fdre_C_Q)         0.141     1.593 r  counter_for_clk_1HZ_reg[11]/Q
                         net (fo=2, routed)           0.133     1.726    counter_for_clk_1HZ[11]
    SLICE_X36Y47         CARRY4 (Prop_carry4_S[2]_O[2])
                                                      0.111     1.837 r  counter_for_clk_1HZ_reg[12]_i_1/O[2]
                         net (fo=1, routed)           0.000     1.837    p_1_in[11]
    SLICE_X36Y47         FDRE                                         r  counter_for_clk_1HZ_reg[11]/D
  -------------------------------------------------------------------    -------------------

                         (clock sys_clk rise edge)    0.000     0.000 r  
    F14                                               0.000     0.000 r  clk (IN)
                         net (fo=0)                   0.000     0.000    clk
    F14                  IBUF (Prop_ibuf_I_O)         0.414     0.414 r  clk_IBUF_inst/O
                         net (fo=1, routed)           0.689     1.103    clk_IBUF
    BUFGCTRL_X0Y16       BUFG (Prop_bufg_I_O)         0.029     1.132 r  clk_IBUF_BUFG_inst/O
                         net (fo=27, routed)          0.835     1.966    clk_IBUF_BUFG
    SLICE_X36Y47         FDRE                                         r  counter_for_clk_1HZ_reg[11]/C
                         clock pessimism             -0.514     1.452    
    SLICE_X36Y47         FDRE (Hold_fdre_C_D)         0.105     1.557    counter_for_clk_1HZ_reg[11]
  -------------------------------------------------------------------
                         required time                         -1.557    
                         arrival time                           1.837    
  -------------------------------------------------------------------
                         slack                                  0.280    

Slack (MET) :             0.280ns  (arrival time - required time)
  Source:                 counter_for_clk_1HZ_reg[15]/C
                            (rising edge-triggered cell FDRE clocked by sys_clk  {rise@0.000ns fall@5.000ns period=10.000ns})
  Destination:            counter_for_clk_1HZ_reg[15]/D
                            (rising edge-triggered cell FDRE clocked by sys_clk  {rise@0.000ns fall@5.000ns period=10.000ns})
  Path Group:             sys_clk
  Path Type:              Hold (Min at Fast Process Corner)
  Requirement:            0.000ns  (sys_clk rise@0.000ns - sys_clk rise@0.000ns)
  Data Path Delay:        0.385ns  (logic 0.252ns (65.529%)  route 0.133ns (34.471%))
  Logic Levels:           1  (CARRY4=1)
  Clock Path Skew:        0.000ns (DCD - SCD - CPR)
    Destination Clock Delay (DCD):    1.966ns
    Source Clock Delay      (SCD):    1.452ns
    Clock Pessimism Removal (CPR):    0.514ns

    Location             Delay type                Incr(ns)  Path(ns)    Netlist Resource(s)
  -------------------------------------------------------------------    -------------------
                         (clock sys_clk rise edge)    0.000     0.000 r  
    F14                                               0.000     0.000 r  clk (IN)
                         net (fo=0)                   0.000     0.000    clk
    F14                  IBUF (Prop_ibuf_I_O)         0.226     0.226 r  clk_IBUF_inst/O
                         net (fo=1, routed)           0.634     0.861    clk_IBUF
    BUFGCTRL_X0Y16       BUFG (Prop_bufg_I_O)         0.026     0.887 r  clk_IBUF_BUFG_inst/O
                         net (fo=27, routed)          0.566     1.452    clk_IBUF_BUFG
    SLICE_X36Y48         FDRE                                         r  counter_for_clk_1HZ_reg[15]/C
  -------------------------------------------------------------------    -------------------
    SLICE_X36Y48         FDRE (Prop_fdre_C_Q)         0.141     1.593 r  counter_for_clk_1HZ_reg[15]/Q
                         net (fo=2, routed)           0.133     1.726    counter_for_clk_1HZ[15]
    SLICE_X36Y48         CARRY4 (Prop_carry4_S[2]_O[2])
                                                      0.111     1.837 r  counter_for_clk_1HZ_reg[16]_i_1/O[2]
                         net (fo=1, routed)           0.000     1.837    p_1_in[15]
    SLICE_X36Y48         FDRE                                         r  counter_for_clk_1HZ_reg[15]/D
  -------------------------------------------------------------------    -------------------

                         (clock sys_clk rise edge)    0.000     0.000 r  
    F14                                               0.000     0.000 r  clk (IN)
                         net (fo=0)                   0.000     0.000    clk
    F14                  IBUF (Prop_ibuf_I_O)         0.414     0.414 r  clk_IBUF_inst/O
                         net (fo=1, routed)           0.689     1.103    clk_IBUF
    BUFGCTRL_X0Y16       BUFG (Prop_bufg_I_O)         0.029     1.132 r  clk_IBUF_BUFG_inst/O
                         net (fo=27, routed)          0.835     1.966    clk_IBUF_BUFG
    SLICE_X36Y48         FDRE                                         r  counter_for_clk_1HZ_reg[15]/C
                         clock pessimism             -0.514     1.452    
    SLICE_X36Y48         FDRE (Hold_fdre_C_D)         0.105     1.557    counter_for_clk_1HZ_reg[15]
  -------------------------------------------------------------------
                         required time                         -1.557    
                         arrival time                           1.837    
  -------------------------------------------------------------------
                         slack                                  0.280    

Slack (MET) :             0.280ns  (arrival time - required time)
  Source:                 counter_for_clk_1HZ_reg[7]/C
                            (rising edge-triggered cell FDRE clocked by sys_clk  {rise@0.000ns fall@5.000ns period=10.000ns})
  Destination:            counter_for_clk_1HZ_reg[7]/D
                            (rising edge-triggered cell FDRE clocked by sys_clk  {rise@0.000ns fall@5.000ns period=10.000ns})
  Path Group:             sys_clk
  Path Type:              Hold (Min at Fast Process Corner)
  Requirement:            0.000ns  (sys_clk rise@0.000ns - sys_clk rise@0.000ns)
  Data Path Delay:        0.385ns  (logic 0.252ns (65.529%)  route 0.133ns (34.471%))
  Logic Levels:           1  (CARRY4=1)
  Clock Path Skew:        0.000ns (DCD - SCD - CPR)
    Destination Clock Delay (DCD):    1.965ns
    Source Clock Delay      (SCD):    1.451ns
    Clock Pessimism Removal (CPR):    0.514ns

    Location             Delay type                Incr(ns)  Path(ns)    Netlist Resource(s)
  -------------------------------------------------------------------    -------------------
                         (clock sys_clk rise edge)    0.000     0.000 r  
    F14                                               0.000     0.000 r  clk (IN)
                         net (fo=0)                   0.000     0.000    clk
    F14                  IBUF (Prop_ibuf_I_O)         0.226     0.226 r  clk_IBUF_inst/O
                         net (fo=1, routed)           0.634     0.861    clk_IBUF
    BUFGCTRL_X0Y16       BUFG (Prop_bufg_I_O)         0.026     0.887 r  clk_IBUF_BUFG_inst/O
                         net (fo=27, routed)          0.565     1.451    clk_IBUF_BUFG
    SLICE_X36Y46         FDRE                                         r  counter_for_clk_1HZ_reg[7]/C
  -------------------------------------------------------------------    -------------------
    SLICE_X36Y46         FDRE (Prop_fdre_C_Q)         0.141     1.592 r  counter_for_clk_1HZ_reg[7]/Q
                         net (fo=2, routed)           0.133     1.725    counter_for_clk_1HZ[7]
    SLICE_X36Y46         CARRY4 (Prop_carry4_S[2]_O[2])
                                                      0.111     1.836 r  counter_for_clk_1HZ_reg[8]_i_1/O[2]
                         net (fo=1, routed)           0.000     1.836    p_1_in[7]
    SLICE_X36Y46         FDRE                                         r  counter_for_clk_1HZ_reg[7]/D
  -------------------------------------------------------------------    -------------------

                         (clock sys_clk rise edge)    0.000     0.000 r  
    F14                                               0.000     0.000 r  clk (IN)
                         net (fo=0)                   0.000     0.000    clk
    F14                  IBUF (Prop_ibuf_I_O)         0.414     0.414 r  clk_IBUF_inst/O
                         net (fo=1, routed)           0.689     1.103    clk_IBUF
    BUFGCTRL_X0Y16       BUFG (Prop_bufg_I_O)         0.029     1.132 r  clk_IBUF_BUFG_inst/O
                         net (fo=27, routed)          0.834     1.965    clk_IBUF_BUFG
    SLICE_X36Y46         FDRE                                         r  counter_for_clk_1HZ_reg[7]/C
                         clock pessimism             -0.514     1.451    
    SLICE_X36Y46         FDRE (Hold_fdre_C_D)         0.105     1.556    counter_for_clk_1HZ_reg[7]
  -------------------------------------------------------------------
                         required time                         -1.556    
                         arrival time                           1.836    
  -------------------------------------------------------------------
                         slack                                  0.280    

Slack (MET) :             0.281ns  (arrival time - required time)
  Source:                 counter_for_clk_1HZ_reg[19]/C
                            (rising edge-triggered cell FDRE clocked by sys_clk  {rise@0.000ns fall@5.000ns period=10.000ns})
  Destination:            counter_for_clk_1HZ_reg[19]/D
                            (rising edge-triggered cell FDRE clocked by sys_clk  {rise@0.000ns fall@5.000ns period=10.000ns})
  Path Group:             sys_clk
  Path Type:              Hold (Min at Fast Process Corner)
  Requirement:            0.000ns  (sys_clk rise@0.000ns - sys_clk rise@0.000ns)
  Data Path Delay:        0.386ns  (logic 0.252ns (65.354%)  route 0.134ns (34.646%))
  Logic Levels:           1  (CARRY4=1)
  Clock Path Skew:        0.000ns (DCD - SCD - CPR)
    Destination Clock Delay (DCD):    1.966ns
    Source Clock Delay      (SCD):    1.452ns
    Clock Pessimism Removal (CPR):    0.514ns

    Location             Delay type                Incr(ns)  Path(ns)    Netlist Resource(s)
  -------------------------------------------------------------------    -------------------
                         (clock sys_clk rise edge)    0.000     0.000 r  
    F14                                               0.000     0.000 r  clk (IN)
                         net (fo=0)                   0.000     0.000    clk
    F14                  IBUF (Prop_ibuf_I_O)         0.226     0.226 r  clk_IBUF_inst/O
                         net (fo=1, routed)           0.634     0.861    clk_IBUF
    BUFGCTRL_X0Y16       BUFG (Prop_bufg_I_O)         0.026     0.887 r  clk_IBUF_BUFG_inst/O
                         net (fo=27, routed)          0.566     1.452    clk_IBUF_BUFG
    SLICE_X36Y49         FDRE                                         r  counter_for_clk_1HZ_reg[19]/C
  -------------------------------------------------------------------    -------------------
    SLICE_X36Y49         FDRE (Prop_fdre_C_Q)         0.141     1.593 r  counter_for_clk_1HZ_reg[19]/Q
                         net (fo=2, routed)           0.134     1.727    counter_for_clk_1HZ[19]
    SLICE_X36Y49         CARRY4 (Prop_carry4_S[2]_O[2])
                                                      0.111     1.838 r  counter_for_clk_1HZ_reg[20]_i_1/O[2]
                         net (fo=1, routed)           0.000     1.838    p_1_in[19]
    SLICE_X36Y49         FDRE                                         r  counter_for_clk_1HZ_reg[19]/D
  -------------------------------------------------------------------    -------------------

                         (clock sys_clk rise edge)    0.000     0.000 r  
    F14                                               0.000     0.000 r  clk (IN)
                         net (fo=0)                   0.000     0.000    clk
    F14                  IBUF (Prop_ibuf_I_O)         0.414     0.414 r  clk_IBUF_inst/O
                         net (fo=1, routed)           0.689     1.103    clk_IBUF
    BUFGCTRL_X0Y16       BUFG (Prop_bufg_I_O)         0.029     1.132 r  clk_IBUF_BUFG_inst/O
                         net (fo=27, routed)          0.835     1.966    clk_IBUF_BUFG
    SLICE_X36Y49         FDRE                                         r  counter_for_clk_1HZ_reg[19]/C
                         clock pessimism             -0.514     1.452    
    SLICE_X36Y49         FDRE (Hold_fdre_C_D)         0.105     1.557    counter_for_clk_1HZ_reg[19]
  -------------------------------------------------------------------
                         required time                         -1.557    
                         arrival time                           1.838    
  -------------------------------------------------------------------
                         slack                                  0.281    

Slack (MET) :             0.281ns  (arrival time - required time)
  Source:                 counter_for_clk_1HZ_reg[3]/C
                            (rising edge-triggered cell FDRE clocked by sys_clk  {rise@0.000ns fall@5.000ns period=10.000ns})
  Destination:            counter_for_clk_1HZ_reg[3]/D
                            (rising edge-triggered cell FDRE clocked by sys_clk  {rise@0.000ns fall@5.000ns period=10.000ns})
  Path Group:             sys_clk
  Path Type:              Hold (Min at Fast Process Corner)
  Requirement:            0.000ns  (sys_clk rise@0.000ns - sys_clk rise@0.000ns)
  Data Path Delay:        0.386ns  (logic 0.252ns (65.354%)  route 0.134ns (34.646%))
  Logic Levels:           1  (CARRY4=1)
  Clock Path Skew:        0.000ns (DCD - SCD - CPR)
    Destination Clock Delay (DCD):    1.965ns
    Source Clock Delay      (SCD):    1.451ns
    Clock Pessimism Removal (CPR):    0.514ns

    Location             Delay type                Incr(ns)  Path(ns)    Netlist Resource(s)
  -------------------------------------------------------------------    -------------------
                         (clock sys_clk rise edge)    0.000     0.000 r  
    F14                                               0.000     0.000 r  clk (IN)
                         net (fo=0)                   0.000     0.000    clk
    F14                  IBUF (Prop_ibuf_I_O)         0.226     0.226 r  clk_IBUF_inst/O
                         net (fo=1, routed)           0.634     0.861    clk_IBUF
    BUFGCTRL_X0Y16       BUFG (Prop_bufg_I_O)         0.026     0.887 r  clk_IBUF_BUFG_inst/O
                         net (fo=27, routed)          0.565     1.451    clk_IBUF_BUFG
    SLICE_X36Y45         FDRE                                         r  counter_for_clk_1HZ_reg[3]/C
  -------------------------------------------------------------------    -------------------
    SLICE_X36Y45         FDRE (Prop_fdre_C_Q)         0.141     1.592 r  counter_for_clk_1HZ_reg[3]/Q
                         net (fo=2, routed)           0.134     1.726    counter_for_clk_1HZ[3]
    SLICE_X36Y45         CARRY4 (Prop_carry4_S[2]_O[2])
                                                      0.111     1.837 r  counter_for_clk_1HZ_reg[4]_i_1/O[2]
                         net (fo=1, routed)           0.000     1.837    p_1_in[3]
    SLICE_X36Y45         FDRE                                         r  counter_for_clk_1HZ_reg[3]/D
  -------------------------------------------------------------------    -------------------

                         (clock sys_clk rise edge)    0.000     0.000 r  
    F14                                               0.000     0.000 r  clk (IN)
                         net (fo=0)                   0.000     0.000    clk
    F14                  IBUF (Prop_ibuf_I_O)         0.414     0.414 r  clk_IBUF_inst/O
                         net (fo=1, routed)           0.689     1.103    clk_IBUF
    BUFGCTRL_X0Y16       BUFG (Prop_bufg_I_O)         0.029     1.132 r  clk_IBUF_BUFG_inst/O
                         net (fo=27, routed)          0.834     1.965    clk_IBUF_BUFG
    SLICE_X36Y45         FDRE                                         r  counter_for_clk_1HZ_reg[3]/C
                         clock pessimism             -0.514     1.451    
    SLICE_X36Y45         FDRE (Hold_fdre_C_D)         0.105     1.556    counter_for_clk_1HZ_reg[3]
  -------------------------------------------------------------------
                         required time                         -1.556    
                         arrival time                           1.837    
  -------------------------------------------------------------------
                         slack                                  0.281    





Pulse Width Checks
--------------------------------------------------------------------------------------
Clock Name:         sys_clk
Waveform(ns):       { 0.000 5.000 }
Period(ns):         10.000
Sources:            { clk }

Check Type        Corner  Lib Pin  Reference Pin  Required(ns)  Actual(ns)  Slack(ns)  Location        Pin
Min Period        n/a     BUFG/I   n/a            2.155         10.000      7.845      BUFGCTRL_X0Y16  clk_IBUF_BUFG_inst/I
Min Period        n/a     FDRE/C   n/a            1.000         10.000      9.000      SLICE_X37Y46    clk_1HZ_reg/C
Min Period        n/a     FDRE/C   n/a            1.000         10.000      9.000      SLICE_X37Y45    counter_for_clk_1HZ_reg[0]/C
Min Period        n/a     FDRE/C   n/a            1.000         10.000      9.000      SLICE_X36Y47    counter_for_clk_1HZ_reg[10]/C
Min Period        n/a     FDRE/C   n/a            1.000         10.000      9.000      SLICE_X36Y47    counter_for_clk_1HZ_reg[11]/C
Min Period        n/a     FDRE/C   n/a            1.000         10.000      9.000      SLICE_X36Y47    counter_for_clk_1HZ_reg[12]/C
Min Period        n/a     FDRE/C   n/a            1.000         10.000      9.000      SLICE_X36Y48    counter_for_clk_1HZ_reg[13]/C
Min Period        n/a     FDRE/C   n/a            1.000         10.000      9.000      SLICE_X36Y48    counter_for_clk_1HZ_reg[14]/C
Min Period        n/a     FDRE/C   n/a            1.000         10.000      9.000      SLICE_X36Y48    counter_for_clk_1HZ_reg[15]/C
Min Period        n/a     FDRE/C   n/a            1.000         10.000      9.000      SLICE_X36Y48    counter_for_clk_1HZ_reg[16]/C
Low Pulse Width   Slow    FDRE/C   n/a            0.500         5.000       4.500      SLICE_X37Y46    clk_1HZ_reg/C
Low Pulse Width   Fast    FDRE/C   n/a            0.500         5.000       4.500      SLICE_X37Y46    clk_1HZ_reg/C
Low Pulse Width   Slow    FDRE/C   n/a            0.500         5.000       4.500      SLICE_X37Y45    counter_for_clk_1HZ_reg[0]/C
Low Pulse Width   Fast    FDRE/C   n/a            0.500         5.000       4.500      SLICE_X37Y45    counter_for_clk_1HZ_reg[0]/C
Low Pulse Width   Slow    FDRE/C   n/a            0.500         5.000       4.500      SLICE_X36Y47    counter_for_clk_1HZ_reg[10]/C
Low Pulse Width   Fast    FDRE/C   n/a            0.500         5.000       4.500      SLICE_X36Y47    counter_for_clk_1HZ_reg[10]/C
Low Pulse Width   Slow    FDRE/C   n/a            0.500         5.000       4.500      SLICE_X36Y47    counter_for_clk_1HZ_reg[11]/C
Low Pulse Width   Fast    FDRE/C   n/a            0.500         5.000       4.500      SLICE_X36Y47    counter_for_clk_1HZ_reg[11]/C
Low Pulse Width   Slow    FDRE/C   n/a            0.500         5.000       4.500      SLICE_X36Y47    counter_for_clk_1HZ_reg[12]/C
Low Pulse Width   Fast    FDRE/C   n/a            0.500         5.000       4.500      SLICE_X36Y47    counter_for_clk_1HZ_reg[12]/C
High Pulse Width  Slow    FDRE/C   n/a            0.500         5.000       4.500      SLICE_X37Y46    clk_1HZ_reg/C
High Pulse Width  Fast    FDRE/C   n/a            0.500         5.000       4.500      SLICE_X37Y46    clk_1HZ_reg/C
High Pulse Width  Slow    FDRE/C   n/a            0.500         5.000       4.500      SLICE_X37Y45    counter_for_clk_1HZ_reg[0]/C
High Pulse Width  Fast    FDRE/C   n/a            0.500         5.000       4.500      SLICE_X37Y45    counter_for_clk_1HZ_reg[0]/C
High Pulse Width  Slow    FDRE/C   n/a            0.500         5.000       4.500      SLICE_X36Y47    counter_for_clk_1HZ_reg[10]/C
High Pulse Width  Fast    FDRE/C   n/a            0.500         5.000       4.500      SLICE_X36Y47    counter_for_clk_1HZ_reg[10]/C
High Pulse Width  Slow    FDRE/C   n/a            0.500         5.000       4.500      SLICE_X36Y47    counter_for_clk_1HZ_reg[11]/C
High Pulse Width  Fast    FDRE/C   n/a            0.500         5.000       4.500      SLICE_X36Y47    counter_for_clk_1HZ_reg[11]/C
High Pulse Width  Slow    FDRE/C   n/a            0.500         5.000       4.500      SLICE_X36Y47    counter_for_clk_1HZ_reg[12]/C
High Pulse Width  Fast    FDRE/C   n/a            0.500         5.000       4.500      SLICE_X36Y47    counter_for_clk_1HZ_reg[12]/C



--------------------------------------------------------------------------------------
Path Group:  (none)
From Clock:  
  To Clock:  

Max Delay            46 Endpoints
Min Delay            46 Endpoints
--------------------------------------------------------------------------------------


Max Delay Paths
--------------------------------------------------------------------------------------
Slack:                    inf
  Source:                 SHIFT_REG_reg[0]/C
                            (rising edge-triggered cell FDRE)
  Destination:            led[0]
                            (output port)
  Path Group:             (none)
  Path Type:              Max at Slow Process Corner
  Data Path Delay:        6.339ns  (logic 3.976ns (62.728%)  route 2.363ns (37.272%))
  Logic Levels:           2  (FDRE=1 OBUF=1)

    Location             Delay type                Incr(ns)  Path(ns)    Netlist Resource(s)
  -------------------------------------------------------------------    -------------------
    SLICE_X65Y42         FDRE                         0.000     0.000 r  SHIFT_REG_reg[0]/C
    SLICE_X65Y42         FDRE (Prop_fdre_C_Q)         0.456     0.456 r  SHIFT_REG_reg[0]/Q
                         net (fo=3, routed)           2.363     2.819    led_OBUF[0]
    G1                   OBUF (Prop_obuf_I_O)         3.520     6.339 r  led_OBUF[0]_inst/O
                         net (fo=0)                   0.000     6.339    led[0]
    G1                                                                r  led[0] (OUT)
  -------------------------------------------------------------------    -------------------

Slack:                    inf
  Source:                 SHIFT_REG_reg[8]_lopt_replica/C
                            (rising edge-triggered cell FDRE)
  Destination:            led[8]
                            (output port)
  Path Group:             (none)
  Path Type:              Max at Slow Process Corner
  Data Path Delay:        6.094ns  (logic 4.028ns (66.095%)  route 2.066ns (33.905%))
  Logic Levels:           2  (FDRE=1 OBUF=1)

    Location             Delay type                Incr(ns)  Path(ns)    Netlist Resource(s)
  -------------------------------------------------------------------    -------------------
    SLICE_X64Y81         FDRE                         0.000     0.000 r  SHIFT_REG_reg[8]_lopt_replica/C
    SLICE_X64Y81         FDRE (Prop_fdre_C_Q)         0.518     0.518 r  SHIFT_REG_reg[8]_lopt_replica/Q
                         net (fo=1, routed)           2.066     2.584    SHIFT_REG_reg[8]_lopt_replica_1
    E6                   OBUF (Prop_obuf_I_O)         3.510     6.094 r  led_OBUF[8]_inst/O
                         net (fo=0)                   0.000     6.094    led[8]
    E6                                                                r  led[8] (OUT)
  -------------------------------------------------------------------    -------------------

Slack:                    inf
  Source:                 SHIFT_REG_reg[5]_lopt_replica/C
                            (rising edge-triggered cell FDRE)
  Destination:            led[5]
                            (output port)
  Path Group:             (none)
  Path Type:              Max at Slow Process Corner
  Data Path Delay:        5.930ns  (logic 4.063ns (68.522%)  route 1.866ns (31.478%))
  Logic Levels:           2  (FDRE=1 OBUF=1)

    Location             Delay type                Incr(ns)  Path(ns)    Netlist Resource(s)
  -------------------------------------------------------------------    -------------------
    SLICE_X64Y72         FDRE                         0.000     0.000 r  SHIFT_REG_reg[5]_lopt_replica/C
    SLICE_X64Y72         FDRE (Prop_fdre_C_Q)         0.518     0.518 r  SHIFT_REG_reg[5]_lopt_replica/Q
                         net (fo=1, routed)           1.866     2.384    SHIFT_REG_reg[5]_lopt_replica_1
    E2                   OBUF (Prop_obuf_I_O)         3.545     5.930 r  led_OBUF[5]_inst/O
                         net (fo=0)                   0.000     5.930    led[5]
    E2                                                                r  led[5] (OUT)
  -------------------------------------------------------------------    -------------------

Slack:                    inf
  Source:                 SHIFT_REG_reg[3]_lopt_replica/C
                            (rising edge-triggered cell FDRE)
  Destination:            led[3]
                            (output port)
  Path Group:             (none)
  Path Type:              Max at Slow Process Corner
  Data Path Delay:        5.906ns  (logic 4.040ns (68.398%)  route 1.866ns (31.602%))
  Logic Levels:           2  (FDRE=1 OBUF=1)

    Location             Delay type                Incr(ns)  Path(ns)    Netlist Resource(s)
  -------------------------------------------------------------------    -------------------
    SLICE_X64Y68         FDRE                         0.000     0.000 r  SHIFT_REG_reg[3]_lopt_replica/C
    SLICE_X64Y68         FDRE (Prop_fdre_C_Q)         0.518     0.518 r  SHIFT_REG_reg[3]_lopt_replica/Q
                         net (fo=1, routed)           1.866     2.384    SHIFT_REG_reg[3]_lopt_replica_1
    F2                   OBUF (Prop_obuf_I_O)         3.522     5.906 r  led_OBUF[3]_inst/O
                         net (fo=0)                   0.000     5.906    led[3]
    F2                                                                r  led[3] (OUT)
  -------------------------------------------------------------------    -------------------

Slack:                    inf
  Source:                 SHIFT_REG_reg[7]_lopt_replica/C
                            (rising edge-triggered cell FDRE)
  Destination:            led[7]
                            (output port)
  Path Group:             (none)
  Path Type:              Max at Slow Process Corner
  Data Path Delay:        5.904ns  (logic 4.034ns (68.313%)  route 1.871ns (31.687%))
  Logic Levels:           2  (FDRE=1 OBUF=1)

    Location             Delay type                Incr(ns)  Path(ns)    Netlist Resource(s)
  -------------------------------------------------------------------    -------------------
    SLICE_X64Y81         FDRE                         0.000     0.000 r  SHIFT_REG_reg[7]_lopt_replica/C
    SLICE_X64Y81         FDRE (Prop_fdre_C_Q)         0.518     0.518 r  SHIFT_REG_reg[7]_lopt_replica/Q
                         net (fo=1, routed)           1.871     2.389    SHIFT_REG_reg[7]_lopt_replica_1
    E5                   OBUF (Prop_obuf_I_O)         3.516     5.904 r  led_OBUF[7]_inst/O
                         net (fo=0)                   0.000     5.904    led[7]
    E5                                                                r  led[7] (OUT)
  -------------------------------------------------------------------    -------------------

Slack:                    inf
  Source:                 SHIFT_REG_reg[6]_lopt_replica/C
                            (rising edge-triggered cell FDRE)
  Destination:            led[6]
                            (output port)
  Path Group:             (none)
  Path Type:              Max at Slow Process Corner
  Data Path Delay:        5.763ns  (logic 4.049ns (70.263%)  route 1.714ns (29.737%))
  Logic Levels:           2  (FDRE=1 OBUF=1)

    Location             Delay type                Incr(ns)  Path(ns)    Netlist Resource(s)
  -------------------------------------------------------------------    -------------------
    SLICE_X64Y74         FDRE                         0.000     0.000 r  SHIFT_REG_reg[6]_lopt_replica/C
    SLICE_X64Y74         FDRE (Prop_fdre_C_Q)         0.518     0.518 r  SHIFT_REG_reg[6]_lopt_replica/Q
                         net (fo=1, routed)           1.714     2.232    SHIFT_REG_reg[6]_lopt_replica_1
    E3                   OBUF (Prop_obuf_I_O)         3.531     5.763 r  led_OBUF[6]_inst/O
                         net (fo=0)                   0.000     5.763    led[6]
    E3                                                                r  led[6] (OUT)
  -------------------------------------------------------------------    -------------------

Slack:                    inf
  Source:                 SHIFT_REG_reg[2]_lopt_replica/C
                            (rising edge-triggered cell FDRE)
  Destination:            led[2]
                            (output port)
  Path Group:             (none)
  Path Type:              Max at Slow Process Corner
  Data Path Delay:        5.755ns  (logic 4.041ns (70.207%)  route 1.715ns (29.793%))
  Logic Levels:           2  (FDRE=1 OBUF=1)

    Location             Delay type                Incr(ns)  Path(ns)    Netlist Resource(s)
  -------------------------------------------------------------------    -------------------
    SLICE_X64Y66         FDRE                         0.000     0.000 r  SHIFT_REG_reg[2]_lopt_replica/C
    SLICE_X64Y66         FDRE (Prop_fdre_C_Q)         0.518     0.518 r  SHIFT_REG_reg[2]_lopt_replica/Q
                         net (fo=1, routed)           1.715     2.233    SHIFT_REG_reg[2]_lopt_replica_1
    F1                   OBUF (Prop_obuf_I_O)         3.523     5.755 r  led_OBUF[2]_inst/O
                         net (fo=0)                   0.000     5.755    led[2]
    F1                                                                r  led[2] (OUT)
  -------------------------------------------------------------------    -------------------

Slack:                    inf
  Source:                 SHIFT_REG_reg[13]_lopt_replica/C
                            (rising edge-triggered cell FDRE)
  Destination:            led[13]
                            (output port)
  Path Group:             (none)
  Path Type:              Max at Slow Process Corner
  Data Path Delay:        5.728ns  (logic 4.055ns (70.791%)  route 1.673ns (29.209%))
  Logic Levels:           2  (FDRE=1 OBUF=1)

    Location             Delay type                Incr(ns)  Path(ns)    Netlist Resource(s)
  -------------------------------------------------------------------    -------------------
    SLICE_X64Y79         FDRE                         0.000     0.000 r  SHIFT_REG_reg[13]_lopt_replica/C
    SLICE_X64Y79         FDRE (Prop_fdre_C_Q)         0.518     0.518 r  SHIFT_REG_reg[13]_lopt_replica/Q
                         net (fo=1, routed)           1.673     2.191    SHIFT_REG_reg[13]_lopt_replica_1
    A3                   OBUF (Prop_obuf_I_O)         3.537     5.728 r  led_OBUF[13]_inst/O
                         net (fo=0)                   0.000     5.728    led[13]
    A3                                                                r  led[13] (OUT)
  -------------------------------------------------------------------    -------------------

Slack:                    inf
  Source:                 SHIFT_REG_reg[10]_lopt_replica/C
                            (rising edge-triggered cell FDRE)
  Destination:            led[10]
                            (output port)
  Path Group:             (none)
  Path Type:              Max at Slow Process Corner
  Data Path Delay:        5.716ns  (logic 4.051ns (70.868%)  route 1.665ns (29.132%))
  Logic Levels:           2  (FDRE=1 OBUF=1)

    Location             Delay type                Incr(ns)  Path(ns)    Netlist Resource(s)
  -------------------------------------------------------------------    -------------------
    SLICE_X64Y77         FDRE                         0.000     0.000 r  SHIFT_REG_reg[10]_lopt_replica/C
    SLICE_X64Y77         FDRE (Prop_fdre_C_Q)         0.518     0.518 r  SHIFT_REG_reg[10]_lopt_replica/Q
                         net (fo=1, routed)           1.665     2.183    SHIFT_REG_reg[10]_lopt_replica_1
    B2                   OBUF (Prop_obuf_I_O)         3.533     5.716 r  led_OBUF[10]_inst/O
                         net (fo=0)                   0.000     5.716    led[10]
    B2                                                                r  led[10] (OUT)
  -------------------------------------------------------------------    -------------------

Slack:                    inf
  Source:                 SHIFT_REG_reg[14]_lopt_replica/C
                            (rising edge-triggered cell FDRE)
  Destination:            led[14]
                            (output port)
  Path Group:             (none)
  Path Type:              Max at Slow Process Corner
  Data Path Delay:        5.713ns  (logic 4.045ns (70.805%)  route 1.668ns (29.195%))
  Logic Levels:           2  (FDRE=1 OBUF=1)

    Location             Delay type                Incr(ns)  Path(ns)    Netlist Resource(s)
  -------------------------------------------------------------------    -------------------
    SLICE_X64Y83         FDRE                         0.000     0.000 r  SHIFT_REG_reg[14]_lopt_replica/C
    SLICE_X64Y83         FDRE (Prop_fdre_C_Q)         0.518     0.518 r  SHIFT_REG_reg[14]_lopt_replica/Q
                         net (fo=1, routed)           1.668     2.186    SHIFT_REG_reg[14]_lopt_replica_1
    B4                   OBUF (Prop_obuf_I_O)         3.527     5.713 r  led_OBUF[14]_inst/O
                         net (fo=0)                   0.000     5.713    led[14]
    B4                                                                r  led[14] (OUT)
  -------------------------------------------------------------------    -------------------





Min Delay Paths
--------------------------------------------------------------------------------------
Slack:                    inf
  Source:                 SHIFT_REG_reg[11]/C
                            (rising edge-triggered cell FDRE)
  Destination:            SHIFT_REG_reg[12]/D
  Path Group:             (none)
  Path Type:              Min at Fast Process Corner
  Data Path Delay:        0.261ns  (logic 0.141ns (54.037%)  route 0.120ns (45.963%))
  Logic Levels:           1  (FDRE=1)

    Location             Delay type                Incr(ns)  Path(ns)    Netlist Resource(s)
  -------------------------------------------------------------------    -------------------
    SLICE_X65Y79         FDRE                         0.000     0.000 r  SHIFT_REG_reg[11]/C
    SLICE_X65Y79         FDRE (Prop_fdre_C_Q)         0.141     0.141 r  SHIFT_REG_reg[11]/Q
                         net (fo=2, routed)           0.120     0.261    led_OBUF[11]
    SLICE_X65Y79         FDRE                                         r  SHIFT_REG_reg[12]/D
  -------------------------------------------------------------------    -------------------

Slack:                    inf
  Source:                 SHIFT_REG_reg[12]/C
                            (rising edge-triggered cell FDRE)
  Destination:            SHIFT_REG_reg[13]_lopt_replica/D
  Path Group:             (none)
  Path Type:              Min at Fast Process Corner
  Data Path Delay:        0.265ns  (logic 0.141ns (53.167%)  route 0.124ns (46.833%))
  Logic Levels:           1  (FDRE=1)

    Location             Delay type                Incr(ns)  Path(ns)    Netlist Resource(s)
  -------------------------------------------------------------------    -------------------
    SLICE_X65Y79         FDRE                         0.000     0.000 r  SHIFT_REG_reg[12]/C
    SLICE_X65Y79         FDRE (Prop_fdre_C_Q)         0.141     0.141 r  SHIFT_REG_reg[12]/Q
                         net (fo=2, routed)           0.124     0.265    led_OBUF[12]
    SLICE_X64Y79         FDRE                                         r  SHIFT_REG_reg[13]_lopt_replica/D
  -------------------------------------------------------------------    -------------------

Slack:                    inf
  Source:                 SHIFT_REG_reg[3]/C
                            (rising edge-triggered cell FDRE)
  Destination:            SHIFT_REG_reg[4]/D
  Path Group:             (none)
  Path Type:              Min at Fast Process Corner
  Data Path Delay:        0.288ns  (logic 0.164ns (56.917%)  route 0.124ns (43.083%))
  Logic Levels:           1  (FDRE=1)

    Location             Delay type                Incr(ns)  Path(ns)    Netlist Resource(s)
  -------------------------------------------------------------------    -------------------
    SLICE_X64Y71         FDRE                         0.000     0.000 r  SHIFT_REG_reg[3]/C
    SLICE_X64Y71         FDRE (Prop_fdre_C_Q)         0.164     0.164 r  SHIFT_REG_reg[3]/Q
                         net (fo=2, routed)           0.124     0.288    led_OBUF[3]
    SLICE_X64Y72         FDRE                                         r  SHIFT_REG_reg[4]/D
  -------------------------------------------------------------------    -------------------

Slack:                    inf
  Source:                 SHIFT_REG_reg[6]/C
                            (rising edge-triggered cell FDRE)
  Destination:            SHIFT_REG_reg[7]/D
  Path Group:             (none)
  Path Type:              Min at Fast Process Corner
  Data Path Delay:        0.290ns  (logic 0.164ns (56.491%)  route 0.126ns (43.509%))
  Logic Levels:           1  (FDRE=1)

    Location             Delay type                Incr(ns)  Path(ns)    Netlist Resource(s)
  -------------------------------------------------------------------    -------------------
    SLICE_X64Y77         FDRE                         0.000     0.000 r  SHIFT_REG_reg[6]/C
    SLICE_X64Y77         FDRE (Prop_fdre_C_Q)         0.164     0.164 r  SHIFT_REG_reg[6]/Q
                         net (fo=2, routed)           0.126     0.290    led_OBUF[6]
    SLICE_X64Y79         FDRE                                         r  SHIFT_REG_reg[7]/D
  -------------------------------------------------------------------    -------------------

Slack:                    inf
  Source:                 SHIFT_REG_reg[9]/C
                            (rising edge-triggered cell FDRE)
  Destination:            SHIFT_REG_reg[10]/D
  Path Group:             (none)
  Path Type:              Min at Fast Process Corner
  Data Path Delay:        0.319ns  (logic 0.164ns (51.400%)  route 0.155ns (48.600%))
  Logic Levels:           1  (FDRE=1)

    Location             Delay type                Incr(ns)  Path(ns)    Netlist Resource(s)
  -------------------------------------------------------------------    -------------------
    SLICE_X64Y79         FDRE                         0.000     0.000 r  SHIFT_REG_reg[9]/C
    SLICE_X64Y79         FDRE (Prop_fdre_C_Q)         0.164     0.164 r  SHIFT_REG_reg[9]/Q
                         net (fo=2, routed)           0.155     0.319    led_OBUF[9]
    SLICE_X65Y79         FDRE                                         r  SHIFT_REG_reg[10]/D
  -------------------------------------------------------------------    -------------------

Slack:                    inf
  Source:                 SHIFT_REG_reg[10]/C
                            (rising edge-triggered cell FDRE)
  Destination:            SHIFT_REG_reg[11]/D
  Path Group:             (none)
  Path Type:              Min at Fast Process Corner
  Data Path Delay:        0.320ns  (logic 0.141ns (44.043%)  route 0.179ns (55.957%))
  Logic Levels:           1  (FDRE=1)

    Location             Delay type                Incr(ns)  Path(ns)    Netlist Resource(s)
  -------------------------------------------------------------------    -------------------
    SLICE_X65Y79         FDRE                         0.000     0.000 r  SHIFT_REG_reg[10]/C
    SLICE_X65Y79         FDRE (Prop_fdre_C_Q)         0.141     0.141 r  SHIFT_REG_reg[10]/Q
                         net (fo=2, routed)           0.179     0.320    led_OBUF[10]
    SLICE_X65Y79         FDRE                                         r  SHIFT_REG_reg[11]/D
  -------------------------------------------------------------------    -------------------

Slack:                    inf
  Source:                 SHIFT_REG_reg[10]/C
                            (rising edge-triggered cell FDRE)
  Destination:            SHIFT_REG_reg[11]_lopt_replica/D
  Path Group:             (none)
  Path Type:              Min at Fast Process Corner
  Data Path Delay:        0.320ns  (logic 0.141ns (44.043%)  route 0.179ns (55.957%))
  Logic Levels:           1  (FDRE=1)

    Location             Delay type                Incr(ns)  Path(ns)    Netlist Resource(s)
  -------------------------------------------------------------------    -------------------
    SLICE_X65Y79         FDRE                         0.000     0.000 r  SHIFT_REG_reg[10]/C
    SLICE_X65Y79         FDRE (Prop_fdre_C_Q)         0.141     0.141 r  SHIFT_REG_reg[10]/Q
                         net (fo=2, routed)           0.179     0.320    led_OBUF[10]
    SLICE_X65Y79         FDRE                                         r  SHIFT_REG_reg[11]_lopt_replica/D
  -------------------------------------------------------------------    -------------------

Slack:                    inf
  Source:                 SHIFT_REG_reg[13]/C
                            (rising edge-triggered cell FDRE)
  Destination:            SHIFT_REG_reg[14]/D
  Path Group:             (none)
  Path Type:              Min at Fast Process Corner
  Data Path Delay:        0.321ns  (logic 0.141ns (43.905%)  route 0.180ns (56.095%))
  Logic Levels:           1  (FDRE=1)

    Location             Delay type                Incr(ns)  Path(ns)    Netlist Resource(s)
  -------------------------------------------------------------------    -------------------
    SLICE_X65Y81         FDRE                         0.000     0.000 r  SHIFT_REG_reg[13]/C
    SLICE_X65Y81         FDRE (Prop_fdre_C_Q)         0.141     0.141 r  SHIFT_REG_reg[13]/Q
                         net (fo=2, routed)           0.180     0.321    led_OBUF[13]
    SLICE_X64Y81         FDRE                                         r  SHIFT_REG_reg[14]/D
  -------------------------------------------------------------------    -------------------

Slack:                    inf
  Source:                 SHIFT_REG_reg[1]/C
                            (rising edge-triggered cell FDRE)
  Destination:            SHIFT_REG_reg[2]/D
  Path Group:             (none)
  Path Type:              Min at Fast Process Corner
  Data Path Delay:        0.344ns  (logic 0.164ns (47.672%)  route 0.180ns (52.328%))
  Logic Levels:           1  (FDRE=1)

    Location             Delay type                Incr(ns)  Path(ns)    Netlist Resource(s)
  -------------------------------------------------------------------    -------------------
    SLICE_X64Y66         FDRE                         0.000     0.000 r  SHIFT_REG_reg[1]/C
    SLICE_X64Y66         FDRE (Prop_fdre_C_Q)         0.164     0.164 r  SHIFT_REG_reg[1]/Q
                         net (fo=2, routed)           0.180     0.344    led_OBUF[1]
    SLICE_X64Y68         FDRE                                         r  SHIFT_REG_reg[2]/D
  -------------------------------------------------------------------    -------------------

Slack:                    inf
  Source:                 SHIFT_REG_reg[4]/C
                            (rising edge-triggered cell FDRE)
  Destination:            SHIFT_REG_reg[5]/D
  Path Group:             (none)
  Path Type:              Min at Fast Process Corner
  Data Path Delay:        0.344ns  (logic 0.164ns (47.672%)  route 0.180ns (52.328%))
  Logic Levels:           1  (FDRE=1)

    Location             Delay type                Incr(ns)  Path(ns)    Netlist Resource(s)
  -------------------------------------------------------------------    -------------------
    SLICE_X64Y72         FDRE                         0.000     0.000 r  SHIFT_REG_reg[4]/C
    SLICE_X64Y72         FDRE (Prop_fdre_C_Q)         0.164     0.164 r  SHIFT_REG_reg[4]/Q
                         net (fo=2, routed)           0.180     0.344    led_OBUF[4]
    SLICE_X64Y74         FDRE                                         r  SHIFT_REG_reg[5]/D
  -------------------------------------------------------------------    -------------------





